user_id,name,review_count,yelping_since,friends,review_id,business_id,stars,date,text
JJ-aSuM4pCFPdkfoZ34q0Q,Chris,10,9/24/13,"0njfJmB-7n84DlIgUByCNw, rFn3Xe3RqHxRSxWOU19Gpg, HVUAmApa0fCbHHVJ0ALshw, LBOTb6bJjCdFyDLNswUGmA, cy3d0moQOsrhWo6VAyA_kA, XTDeelhFzFX0h_8YELJDIQ, _erxdUfB8yJA_MCDBAaD_w, 3wMYVoHy15nxOCLZYYIhqA, 74C8Mdn3ISlFIwNZQUPEdg, Vc980a_kTQL9tzfG1ESq_g, UPld_8xdzvYmIMA4YxtG0A, ggppqaSt-4E-Y2XUVv6mMw, vILp0ctTM3fX0ucJeBw9Hg, Gl46kwumd4_f102dxgswDw, i9CDu8j-qcUfZYl67WBwiw, 23lcgZUt6dvtMqV_AZe9KQ, zacONW61-GjaCF9h5_icgA, BclKLmGPYlMEVr3OZ_Uuzw, ol00uKESTC5PR_fETT27AA, o7e8zecvSlPNTrPi1ZQLzg, 00JBHX0npVAC-itaFOUhpQ, im3w0wt-ZeE-lDa1zSdyMg, J_hT3mbtiwHIEWjTBSJnzQ, _54jmZK9vr9CN-SUSjFbMg, 65w6GtrNNlZDowVDAYGZFQ, WJeipqBVdQmVhnYrXlLb7A, vAhyONgVtU-oIaSHRJW0IA, Soa5S7dQsSjlG3lbTVGb2A, xtVcWcIKVORcBKhmdbrFiA, 7CghpxENlXnjTGOyNtRDsg, jI5mX0tNR79J_qoFKZMPdA, MFtiq9lbm95WVg501wNsww, SCICexHST-LMCowvH9h7jQ, SD2VfVLfSkz8m18dvo0HGA, Y8TLRIPm_ecnZPItgAJ3Kg, t9bfJI2zvx-3eFrN2zvQnw, 6yUCCifCroUPfXaVo5fCAA, SGDa-z6MmLmNCamviRsdsA, aZiDtUBOMHh19IsShZvqJg, nT9_vJSUk_Tay2Yx84rzCg, M98bD_uUoC0SJ39keA4OQw, hT3kGKYFnLflIifxyeKWwg, loEGz0M-bBf0XnyjrbEvFQ, Als68VuGzyG3rbn7aLkdBQ, X1Rx-CRMt3BjtW10xSb3Lw, svdwrwuL9YHyF3rOgjbB1w, T0jSTc2uvGtzIHZ843FcHQ, XAWO5aDTxo-LTE4jVdBdVg, Q1dLA0wWGO390tH56uKA4Q, -Ty7mzu-bxd4NmEprFXHEA, LQKbKXzjGtRRTK6v00o4gg, BLnaah22WBlLCDwOC7rJ8Q, IWlU5scMqNaKSWO5ovY_iA, kMPSklg0XL9uYeYUgX2oCg, EUH2OBcw32X7wv6Yg4oC_w, Rkm94t2H5p2aPihBzhqP7w, MetDJXD8zSj9J5FqTYB_3Q, TyJ4xokX87KzbNUS8GX85A, t8H01Z2Vx9GNU8uXVKxr2Q, gv28x4ugM5FHGI_Jkky4kg, Y-AnP_QFDcq6B9BoDUUs0A, PXutYstbsqF3kgj6Tuik7Q, G0XMrknewP2Y3iHt84qZiA, gfYOmCKPDni8L3Dd_jibNQ, M9FL-chYhMA4nZpmTbWIZQ, zdahkrcKI1Mdj7H0i6oJcQ, vl3qiO6v4RbFJBpxVREJPw, RzbEU8OO2wbx67v_005Vlg, T1LHbOLMsvSjgqAJXQJwxA, 3na1OAZAe44z06SVPY_gPA, DwOyBVeoiZP7B4ZNkgbVbw, f-ZbVPvuUIuGGE1cGcTRTQ, 6FmeOxLVL0DVr7KHBC1kVA, BjN4WYNWk1t8qipjCqMJfA, 7rwANCcxfWgZ7K3LNBcQlw, 1kZ3jeyfPDAq7t7sIb89yg, TDo7fo6qn8OjokmvyZzPxw, ZJsUtNX4UXrQNL7ddEegUQ, J-sGGuafu3SFAWlw5D0xBw",rCJcO4xS3kxjNTxpN8HPVA,Z5BHNFjt7ZmAse2kKlw2uA,3,10/29/13,"Was in town to watch the Seahawks vs Panthers in September and it was my first time in Charlotte. Let me say that Charlotte is a nice and safe city and the people that we came across were very nice and pleasant. The Stadium is good Stadium and the atmosphere was amazing the people in Charlotte like to party at the game. There were hardly any lines for the restroom or at the beer stand and their prices seem a little cheaper than other stadiums which is a plus. After the game (Panthers lost) the Seahawks fans were partying and doing chants in front of the Stadium and the nice people of Charlotte just let them enjoy themselves and said good game!
 ( This wouldn't have happen in Baltimore a fight would have broke out LOL) But all in all if your in North Carolina stop pass Charlotte you will be happy you did."
uUzsFQn_6cXDh6rPNGbIFA,Tiffy,1,3/2/17,None,wUiZNdOmQ-QmkcyMInVcHw,eLFfWcdb7VkqNyTONksHiQ,2,3/2/17,"I went last night to celebrate my boyfriend's birthday. The ambiance is nice and quaint with nice decor. It is conveniently located next to the Galleria Mall, which prior to that, I was just at because I picked up a gift card because of a special promotion. I asked the front desk if this could be used at Gen KBBQ and she said yes.

When I got to Gen, I wanted to make sure so I asked the hostess before signing in if we could use these Galleria gift cards but she wasn't entirely sure. I handed both cards to her and  she asked her fellow hostess whether or not they'd work. They both said yes.

The food is alright, typical kbbq. Honestly, it kind of sucks that the meat portions are so small so that we have to keep on ordering back and forth. I would say that Gen has more focus on it's appetizers, but that's my opinion. Our server was somewhat tentative, I never got a refill at all until the very end...

We changed our grill plenty of times like at least 5-6 because of how charred it'd get. It sucks that they don't provide oil on the grill anymore like they used to. 

When it was time to pay, I gave the same hostess that I had spoken to both the gift cards and she then told me that they actually don't accept them after running the cards and went to go speak to the manager about it.

Long story short, this review is more focused on the customer service. I ended up paying my debit card which I didn't mind but next time, don't provide me false information... especially if you had another hostess agree with you, when in fact, were both wrong.

Next time, if you don't know, ask the manager. I would've been more understanding.. but boy, was that a hassle. I'm not entirely sure if I'll come back."
mBneaEEH5EMyxaVyqS-72A,Mark,6,3/13/15,None,XRjFPoJ_QYogamLVuky7NA,n121tRCp0eMaDw03UIrEhg,5,3/13/15,"I've been going to Ultra for seven months now and they never seem to disappoint. I typically give them about 10 button down shirts every time and I always get back pristinely cleaned and pressed shirts!

Not only is the service great, the prices are out of this world (especially for North Scottsdale) inexpensive! It is such a pleasant experience every time I go so I will continue to take my dry cleaning here!"
mBneaEEH5EMyxaVyqS-72A,Mark,6,3/13/15,None,K84aP2AUjV8Km0diGY7e_Q,lwC0U4xU7T2qyCBRmrWFXQ,4,2/20/16,"If you enjoy bargain hunting half as much as I do, this is the place for you! With new shipments in every week, there are plenty of great deals flooding into the store. I have found several great Hugo Boss suits at Last Chance, and each of them cost only $120! Most of them have already been tailored (which is why they can't be resold at a regular Nordstrom) but it usually works out better that way for me. But if for some reason it doesn't fit perfect I still might only have to spend $30 getting some minor tailoring. That's a pretty sweet deal for a (normally) $800 designer suit. If you can handle the ""crowded garage sale"" feel the store has, you can walk out with some really great finds!"
mBneaEEH5EMyxaVyqS-72A,Mark,6,3/13/15,None,NcsYfWE4QxZgMQMMIoHqaQ,yT-ASP05C0yQ0hJBaYCYcg,4,3/13/15,"My wife and I regularly hit up Ah-So for Happy Hour. They have fresh and delicious rolls for half off. We usually get the Snow White Roll and the Sweet and Spicy Crunch Roll and shared a bowl of fried rice--all for less than $20 (including tip). The food is fantastic but very inexpensive!

We get seated right away and always have delightful wait staff. Such a pleasant experience every time!"
mBneaEEH5EMyxaVyqS-72A,Mark,6,3/13/15,None,XmCpnRbwne9Y41xKOp4jLg,ZZQEBmDRoGOuco_uUv1GfQ,5,3/13/15,"I lost some weight from my college days and I needed to find a great tailor to slim down my suits. I wear them every day for work and nothing makes you feel like a million bucks like a well-tailored suit. Enter: Zizzo's!

I walked into the small unsuspecting shop hoping to have the same experience as so many other Yelp-ers have and Phil didn't disappoint! It helps to know what you want (length and width of suit sleeves, etc). Phil works quickly and isn't afraid to give you his ""honest"" opinion. After a bit of banter around how slim I wanted my sleeves tailored, Phil accommodated my requests and found a good compromise to keep me happy. What a hilarious and knowledgeable guy!

Fast forward to pick up (it wasn't an emergency so I picked it up a week later, could have been sooner if I needed it to be): I tried on the suit and it fit perfectly from every angle! It was almost miraculous how much of a custom, handmade feel my newly tailored suit jacket had. I have already taken two more jackets to Zizzo's to get altered. This place is amazing!"
W5mJGs-dcDWRGEhAzUYtoA,Evelyn,3,9/8/16,None,gGghNe3sGyxZdwCVdZ_njQ,gGt00WW8sNY2Sop7jYa7Tw,4,7/28/17,"Good service, good food.  The queso was great and the warm chips were on point.  I would definitely return.  Complimentary valet parking was great too. Menu is a la carte."
4E8--zUZO1Rr1IBK4_83fg,Lisa,11,7/16/12,None,c3WHyv3zX3iZLXkznxIpxQ,SGZAsdQAp0SjtMDjXWBPYw,3,6/8/13,"We came in for dinner based on the yelp (and shhhhh! urbanspoon) reviews and I kind of wish we went some place else.  The food was good. Nothing too memorable but everything tasted ok. One thing is that we chose brown rice to go with our yellow curry..... And when they brought it out it had a peculiar smell. tasted ok.... But had a smell.  When I got home I realized that the smell happens whenever I try to reheat old rice that I had in the fridge for days!!! I didn't wake up with a stomach ache so I guess that's ok. 

There was one server and when they werent helping tables they were sitting behind the bar on their phone....I don't know.... I don't like seeing servers on their phones.... Is that just me??

-1 rice and decent\/on the verge of tasting like it came from the mall food
-1 server on the phone"
4E8--zUZO1Rr1IBK4_83fg,Lisa,11,7/16/12,None,UP2K5EJYYChSw48Pjm3FBw,7sN4uA7jPakOKerNEQ2Mdg,1,7/22/12,"If I could give you a 0, I would. I called and made a reservation for 6 people at 7pm. We show up a few minutes before 7 and they tell us our table isn't quite ready and that it'll be a few minutes. No biggie. We wait outside while grandma and mom stay inside.  It gets to be about 715 and still no table. I go inside and mom tells me that this party of 10 just came into the restaurant asking how long the wait would be. The manager asks if they have a reservation and they said no. The manager says ok.... You will be seated in about 20 min.....hmmm strange bc we made reservations and we still were not told when out table would be ready.

Then the manager sees me and tells me that he is so sorry but he is unable to accommodate us tonight bc the table he has for us is still occupied....yet he has a table to accommodate the large party of 10???YOU COULD SEE THE FLAMES COME OUT OF MY EARS.  That schmuck of a manager offered us a $20 gift card which I trashed as soon as I got home. 

We are all for supporting local businesses but when managers do not treat customers with respect, it's hard to give them a second chance."
4E8--zUZO1Rr1IBK4_83fg,Lisa,11,7/16/12,None,cYKLqMKGmo9VwrZcF2WmEA,9QiUKGLa4tJlQrV-LiPIbw,5,11/15/12,"we made a reservation for saturday night at 830. we got there around 815 and was not seated until 9 because our table wasn't ready. We were pretty hungry so we were slightly annoyed. after seating, we ordered our apps and meals and the food as amazing. We had a party of 7 and everyone enjoyed their meals. Our server was attentive and the manager actually came by to apologize for our wait. it was very genuine and we appreciated the gesture. We intended to order dessert but the manager sent over a couple desserts to make up for our wait.  so glad we chose to try rosewood grill and will definitely be back. Great service. Great food. Great addition to strongsville."
4E8--zUZO1Rr1IBK4_83fg,Lisa,11,7/16/12,None,BQSfk_qqH-dXq2ltJddXvg,IfdwBSEuDK3fKvVHVX9k0A,3,7/22/12,"Had lunch here with my bf and his friend.  We started the meal with edamame potsickers which were fantastic. I ordered the eggplant sandwich and it was ok. I enjoyed the sweet potato fries way more than the sandwich and side ( butternut salad). The bf and his friend enjoyed their burgers. I didn't get to sample the sweets but they looked yummy. 

As some people mentioned the prices are more expensive. Our meal ended up being $75 including tip.  The thing that bothers me is that if you are charging that much money..... Turn on the A\/C! The day we went it was high 90's and the restaurant had no A\/C. It was one of the most unpleasant experiences I have had dining bc we were uncomfortable and hot.  I left angry bc we spent so much money and although the food was delicious, I'll likely never come back because I hate sweating while dining."
Ob-2oGBQ7rwwYwUvhmnf7g,B,9,5/1/12,None,RRB1c1v5odX1Tj90nZS__w,e_Nf4zAA1KZq80aoy3v8Ng,3,8/3/12,We were told 20-25mins for 2 people. We waited 55 minutes. Service was extremely slow. Good bar food & great beer selection.
JaTVvKsBl0bHHJEpESn4pQ,Peter,2,3/23/13,None,RUbxBs5sUJVwswpZQakKKA,Yjn6hC-9jhV7fEgD_x6BNw,5,3/23/13,"This is amazing. A real musician who writes his own material headlining a Las Vegas nightclub. Unheard of. I was skeptical going in. I became a fan, mid way through the show. Frankie has chops. Frankie can write. He forced Vegas to pay attention -- when the norm is for the casino showrooms to hire a washed up former star. He is fresh and original. I've worked with some of the best musicians in the world; this guy is right up there with any of them."
Ykj0DVsz0c6rX9ghjd0hDg,Colleen,1,10/10/10,None,FIEB1bxvWlzax8KQ5_Qdgw,XuByFsXXhnKmZ6hxucOj7A,1,10/12/11,"Our dining experience was generally poor.  There were few people in the restaurant, and yet it took a very long time to take our drink orders, get our food, and bring our check.  Service was relatively slow given the buffet-style setting.

I was part of a group of four, and we all selected fried rice for our rice option, however, when our dishes were served we all found chunks of white rice in our bowls.  The roti bread felt stiff and dry, and several of our bowls had bits of ingredients that weren't personally added.  Overall, these issues make the dining experience unpleasant in general.

However, in addition, the food is over-priced at $16\/bowl (plus $2 if you want to take your leftovers home).  I never thought I'd say this, but if you're in the mood for make-your-own stir-fry?  Go to Flat Top, in Campustown."
kmyEPfKnHQJdTceCdoyMQg,A,7,10/16/12,None,YF887hgDksZQULPkhSdwjw,_R-rjgz4Kwi4f3u0clFeKg,1,8/25/17,Was going to eat here for lunch today but the host totally turned me off. She was rude. That alone would make me not come back. Apparently the food is not even worth the hassle judging from the reviews on here.
H54pA7YHfjl8IjhHAfdXJA,Chad,3,6/25/10,None,God09Xmyb03HSNVCkNkaQQ,2fE1irzYRjuP99P0Kxxnrg,5,6/25/10,"Great spot. Burgers are DELICIOUS and the fries are pretty much perfect, huge fan of the ""nix"" sauce. Wish they gave more!

The seating is a little cramped, but it works well with the casual atmosphere. One of my favorites!"
WRae-wZkpRoxMrgJdqwyxg,Mike,1,11/29/17,None,ZI-0lUGR6woq2hv_7CtKnQ,UXPgUZ-3ywG_tNKG41kaag,5,11/29/17,"Rising Phoenix is the BEST! Juan and his team repaired the stucco, drywall taped my patio celling and painted the house exterior (2 story), plus property wall in less than 2 days. No issues from start to finish! Hard pressed to find a better painting company."
Mmv5fPxbF8XEMN4EPT_Khg,Chris,2,6/24/16,None,x0ZVQpHy0O11prBSl-N5Yg,Ms17VRbhM5Et6OEZnAUyxg,1,6/26/16,"I did receive an email from the owner regarding my recent visit. He asked me to return with my receipt but I advised that I did not want anything in return. He said that they could not find any record of the order. I told him I did not keep the receipt as I called the restaurant when I learned of the mistake and declined a replacement at that time.
I appreciate the reply and realize that all new establishments have start up pains. I hope that they work through these and become a valued part of Fairview Park's scene."
Mmv5fPxbF8XEMN4EPT_Khg,Chris,2,6/24/16,None,Y8POEfWWf4crUqkn0rpwwA,RWnDNJ5OrUTPfv0yVuq_fg,3,6/28/16,I think it was overpriced for what it is. Food was good but expensive. I had chicken with olives and my sister had linguine and clams. We had appetizers and a bottle of wine and split a dessert. Total was $130.00. I think you can do better.
LdqGHXsNQowMrvgTNburJA,Susan,1,9/29/13,None,5zQRkW9a2NxC7E6Q02N4uw,0E4GXJs7Ra4oRtv6gQTs0w,2,9/29/13,"Not up to par at this time. Poor customer service. 
Will stick to Don Mills location for now.
Usually enjoy Aroma, but not this new location:((("
TsgBsn19Wjwpyo81gF9_8Q,Cathy,4,11/28/10,None,Yo0khnufXEJ_vaRYFxrDgQ,l-D0uS-tgmhkFpHKBXvPQA,5,11/28/10,Crazy Good!  I love teriaki chicken quesadillas and sweet n sour pork the same way...sounds crazy already right?  Let's do the Cuban black beans and Jamaican Jerk chicken fried rice.  Oh and they always leave you with the sweet kiss of a snooker doodle cookie for the ride home.  Nice touch I thought!
TsgBsn19Wjwpyo81gF9_8Q,Cathy,4,11/28/10,None,tJF9t3nbMM3TKtAQYlYmjg,ajq9h018m0jhIHgSY_bncA,1,11/28/10,"PATHETIC....you would be better off going to CHICK FILLET for lunch.  Four of us all ordered separate things and we ended up passing them around hoping one would be better than the other...unfortunately, they were all sub-par.  There is NO LOVE going on in this kitchen!  I felt like warning the poor server to UPDATE HER RESUME and start looking for a new job :("
TsgBsn19Wjwpyo81gF9_8Q,Cathy,4,11/28/10,None,flCNuiuhab6Eug0xCvc6wA,frCxZS7lPhEnQRJ3UY6m7A,5,11/28/10,"INSANELY GOOD!!!  If you are adventurous or just love Mexico City cuisine you need to try this!  Forget what you learned in Rocky Point, this place is legit' They have a salsa bar with 12 - 15 totally original flavors that could get you by solely on the chips and dip.  Do not come here and not order some form of their special pork (I cannot spell it).  Quesadilla is the star, you will have never had one this style.  Tacos are great (carne asade or the pork preferred).  Burritos are ho-hum.  First-timers must order the Horchata drink offering.  It does not dissapoint!"
TsgBsn19Wjwpyo81gF9_8Q,Cathy,4,11/28/10,None,FKooAEvi5BtkJIohIZxAOg,m1BRMnrel42nz_qIPSBO9w,5,11/28/10,"Thank you, we needed a kitchen outside the house who likes to cook with style, you bring us the beer and I don't have to clean up after my husband ( the chef)!"
V--GjQPlTpeWbcB2cS06Gw,Cody,2,10/24/17,None,mZVkbEOAe7ZvX5TVO9gjKg,1mb44krcyBOylDiyx_3ORg,5,11/3/17,I love this firehouse its always clean and the staff are so friendly i got the turkey bacon ranch with banana peppers it was the best sandwich ive had in a long time the staff was more then willing to help me anyway they could
V--GjQPlTpeWbcB2cS06Gw,Cody,2,10/24/17,None,0I7bVCcLBvRDQ-SuDy2gsA,HmGFMFsrwu7UhzGjtog9NQ,1,11/24/17,Worst shit ever the bacon was old the hash browns where in chuncks my food was cold my pancakes were old my steak wasn't even cooked the waitress was rude af and ill never come back here
a_gKYQ5YMg39FHNYJLWRHg,Joselyn,1,11/7/17,None,Y7HtIftYDNBa9uMjdfoKpQ,cxFUcrfq1Fvh83tJyKhW8g,5,11/7/17,I love this community. Carla is so awesome she is the business manager. She helps me with all my needs as soon as she is able to. Nick is the community director. He is amazing to talk to and if you have a problem he will help your right away.
sz8Heh56kO_6_LBkoIhNfA,Rosalie,4,6/25/15,None,OPtOv8vCJDr8KtYqWvcR-A,5eV8oUGdBXylwB7HeaDFOA,5,6/25/15,"If you're looking for fresh, flavorful Greek food.....look no further. This is without a doubt the best I have ever eaten. There is nothing on the menu that I didn't enjoy. I have been going there since it opened and it pleases me to see they are getting the recognition they deserve. Jerry and his mom Alice are always gracious as well as all of the other counter staff. I return as often as possible."
sz8Heh56kO_6_LBkoIhNfA,Rosalie,4,6/25/15,None,S2uszYlN0cz_vl9Hq-reIw,U3dfIC7Zj8umDs__dDJl2Q,2,6/25/15,"I really love the chocolate malted crunch ice cream but I have to say the store is one of the dirtiest I have seen. I rarely see the employees wiping down tables, counters, etc. The freezer that holds their product is disgusting. It needs a good cleaning and a re-haul of it's employees!  The next time you pay them a visit....look behind the counter to see what I'm talking about. Hopefully the owner will read this review and take some action."
sz8Heh56kO_6_LBkoIhNfA,Rosalie,4,6/25/15,None,5vy0L-_sEUudRWI4DEEZRQ,NqCHqgF_FY0Aw9gD-Z3ABQ,1,4/9/16,"If you order chicken tenders, you should expect tenders NOT nuggets. We purchased two 5 piece meals and neither one had a tender...just small nugget looking pieces. Two day later I went to KFC and my tenders were perfect. It's now my go-to place for tenders. This Popeye's also needs someone at the register with a personality."
sz8Heh56kO_6_LBkoIhNfA,Rosalie,4,6/25/15,None,dbhaFwzB0w2uPvFon0JE2g,gRFfN-UVouI4TvaphjSGLg,4,6/25/15,"Nobody ever likes to pay an appliance repair bill but a good experience makes it a little easier to take. My LG fridge was out of warranty by less than a week and LG wouldn't work with me on replacing the compressor. In fact, they were pretty much useless. I was forced to call A.R.E. for assistance. Although I had to wait for the part, the whole experience was handled in a professional manner. They were friendly, on time, helpful and most importantly knowledgeable. My technician Mike was great. I did tell him not to take offense but I never want to see him behind my fridge again!!  The entire customer service experience was as pleasurable as a $746 repair could be. My fridge is back up and running thanks to A.R.E."
h5ERTYn2vQ1QbjTZvfWPaA,Bobby,3,1/7/17,"jYiZnueCr7gVq9T34xoa7g, yFLXGdY6rpHt7hRiwEFMag, -lMOmerImuxOPZrct6tQ4A, wlcE7t6C3HrdLLGwoGXJvw, NSsanvfVcq2GvMyUlQ4FEQ, fFSUVeacAFV3ygVS5SEjiQ, NfN97hBP0sg9QjqQ7RuuqA, 3Q6K0gIB2Cn23cIEUBhexA, KbsDA-3LyFDKA-PbQJeDIA, _ne-SH5VweelwKE77wMDYA, iqjcESnZVcsfEog95onL2A, 6ri2PmzKvkyhqq_EJnAeWA, UiBa715m4gaCWpxIkH7QqQ, bmiaScI1Lcj2vPYp1TDZuQ, E239YLEX76286Ybl3PM90Q, 4XuOpVBl6dwCP5dqeF00qg, -Ko4PiR-QBRsn589gtr31g, NK2FDJPi8VgmVli6W6fUvg, Q059bCZKN0qVA2M5B-G0rg, mvsZOFOb8Ua3tjG7sl_dvQ, ZxF9MmyHanIUPK4pSkEeNw, eeyCYQ0BBG86L2-vX3LFCw, UIte7HAKRi5iKJNdv36kZg, xc0bgDDzcwOigB55FQltMA, H9_Z-TRy8IKKpVdqMVHVng, lrh6a05Ge4T2vCBLUL3_hw, Up_MxgCGkVS_xZ93_yLs6g, 3hARDDBZcwsllxhql7ytbg, IfEtrgrmNHnljTYo0vks-w, QFKBCwyy6XofSS44WpoU2g, IcIKqLWls7-E7S7MBiMUgA, Fu0eeWDbT930N_Qs7KyXRw, TJBvXQqmQgdl2BOkOy0POw, SP-VWRAEc4OWhfEGRnnP_g, Il_yq9SaWacthHedNwmxKQ, bgfu7bly0ULEApOAZjYwFQ, PGY7tFQffIK4v7otwI9N6Q, OuaQq4EC26ZpU6DqhN8otA, DMaQVYVLIsJaEa1VY5D7RQ, XanpBobPirai3H60LWq1zg, a4H2W9wfGhZKpMr_DPyflA, yd4nG5vDBfHhFFgDcQiZEg, g3w4ybKfuQlAf9lEZHz4fw, lihzzFkf5jfS05qcRdTaIw, x-GHfjcCLB5lVoCyr_WM1w, 58N78eOu_RRygUiR6s5Ruw, Ds4ArclWSyXY0KXUdP_EOg, IxhAKYxTxdGolO-0JqLUFw, 6UtbIMEpNJK675RUJt_V3Q, _3mTLZ4WbG_tKq_4oJqYSA, nMfKEJaWYNyDoy78QHruRA, EXx8OnME43BxeNoRR51UUQ, pOMoP7hFJZjYqKp9kr1grQ, dj6OfxniW2thKkBqOUUNHQ, n4KahrbPwiUln1u5ZPHHKg, rY0AvEtrowbmcflHaxnK7A, O-NUTp0YtlhQOOyDDyr9VA, lHfu2E3n0sj4uGKOPZQVGQ, 7T3SkiyQII910AouycjlMA, 1zGeUwbM2QyR92bybk281Q, 0TCZ1_7Ekl_CPv8E5RFg5A, C2p9-bGLb1BLo-okBwbEfg, XyvNsHmgFSBsvijOTfBBRw, Po3yksCo9rCKPUUQGMwlVw",vOj_x4SqxlwaCjBPyVSVrw,7FZ5yyfuOqBRlNAYHj2wqw,1,6/24/17,"Ok let me start this, I was approved for a sonic from them, then was told nope bring it back we have to get you into a Cruz we got you 100% approved for it  through GM Financial, so I took the car home a week later they made me come all they way back to sign papers again I am like hmm. So any how I left again well another week later I get a call from Travis one of the finance guys, he tells me you have to come up here by 5pm this was on 06\/23\/2017, I am like why he would not tell me, so
I call Brandon I guess he is the head of finance, he started getting a attitude, with me, he said you have to bring he car back your not approved, I am like wait why, he's like your not approved nothing I can do. I said you your self said I was last time and Travis and my sales guy Dakota said I was. He then goes to say well I don't why my guys would say that they never would say that right did the bat. They pis**** me off, made me jump hoops and made my Credit go way down, don't ever go to this place of your looking for a car New or used they all don't even get back to you it's like playing phone tag. And the management should go back to school and learn customer service. They did not even offer me to fill up my tank on my old car. So again don't go here they will make stuff up and tell you lies."
jYnkJR3T8yCERXywoVhWYA,Hugo,48,7/6/10,"hkXekeW_Jj6mIy8r8N7r1Q, dQDpV-VUtwYGqHznuRV-yw, Ez7Hve1SaSrCjzl0km5XEA, DVCo_LH2Etu_aAtI9I6vkA, XdnOP1pKEzrPcoV-ZXvSxw, fxvgztSr1DHA869YNGsMtQ, Vs3bPoc5mWqruxg61-XCsg, Xs0vCG3OyIKDP6lD2CeWRA, fU0C1L08LX7FIO8Y3GgWcQ, Dq4I_hs1mNUA0SyzqwfI_w, iev9kF-VpBf9BYkPXwNjtQ, ZT80XHJibHLqiSdfhecYxA, 6Ni3lsxF5syVjTn3Mpxi1g, q0ol92YKdF7L_-s2g5kfAw, xD12J7t1DJemC0PnAOZMRw, WV9-UMmYEq9pvDCbKYuF4A, ZAJBIWvMdEReTIBaNO2zzw, gTtJ2w6cFA9UwipW7v6atQ, YDNK3hTEJSaAfzYubSFPCA, mPyb1bL-aeaiidA1O1gEiQ, -Zv99SCrzejB3-Eelvqyfw, QqZSAYcPWqCEf2hWjFrBVw, XH5drM54jTK_-fbPLJut9w, GKsfhVZYb6JGQOQaaHnIdw, 5yLQ3_Ea_qX7mBCkizgZyA, woHiZYXhcIaDTNRUX5RGUA, XgvdbQk13DSOp5TUoVPdHQ, bP37V2AsgKWtdeMRAa9nig, 9O1cTap-XLI5nO-JHj6TxQ, B5RmV5LhA3R4J0RsyqR70g, qcIKXuGxhtuEnWLzJoGydA, srOeMfwyrcwEJbdFdMRrWQ, iSktH80fgzVLptg9Ep1LiA, mY5JVfJfQN_yzWEsFU0QGQ, 7sERe-EmH5VMk_NnL8cRFg, sQ-r-Bs1MEqudkQt3P77BA, 2f6OJCQClEhHrzUb6qExJQ, VeTGif4-r1auFE4FUOZW7w, ae6aCtSLDo2ysR1kQLtRaQ, 98W_eoy2FGcz5D2s33Fhkg, 7GRml4yE0k__Gfb6FtTtUg, qHYQb3-pV1JpqyWcIkkwjQ, NTLjNHiZuHHGANQ1u2MJyg, 581w9_8Upftg9Htd1-ohKA, 1AWoP8Nhb13k9xxh3W4nVA, Los1p8wph9TbkU9T0Bo8eQ, 3gbDAW9yeEWsTgbrH0MmXw, XwyFeLJhhAPvMIOaZ07C7g, qVA8sxRL6EbAL2C0srCDvg, gHLqL38fdykytgKH-G3FSw, 88qKciYUsQEmzx8Kw7-FBg, CV-Pc9io9BgsLhD4aOu9Zg, uDqTrM55zgyUBPzRVpn8uA, f8skrxyB4dFKq0-eFYt0og, BJGigaqQf6Q_KEtBjM29rg, lc0_H1lq4iFnhKMDmrGpJw, VwdiLnFD8kG9ZhNY1ITPEA, 4_mipJGGJ2TRy2uAI9SC5A, 93R7AeqerA0b4tuivx-36w, AwLgRpWdYCM1_JgAze_qsA, zZoSBcoN5J8FRPf5lKVZww, 25WwoIK8D3L_i63CI2bslQ, Rxz-K72jZ2yNTV3YI5rjyQ, 62Fq2i4lKCO8ucTFNG370w, hqMCM9L_L47WCmidyKYGkw, k5xCuNNwdfpYdsu5PObAOw, lGMpjdxcbCW5vGi9B2a0Kg, 7v9U0o2do5p0ITFUc_qKNw, 9lWKp5EIovVlCWH1wC7Oeg, _-XChTHLoOnlxB_cmYPLZg, bmHmlYJ3kKXdp3_zMXNyrg, DaxCOBl91VcScCJKK9Gwkw, nIod29HbvjRPSO4T-va3bQ, E_EtI0ylBSsGRq-AiRcxkw, 0wXNILLfalmhRVNIVzVVVA, HDPWfls1uO9fxUGwLndOwg, u6cO2x5vr6-9EKDCQ0oSMA, Er6TEjSMmmMD8ipp-kFTEA, jaOjRguj5zbUyVS_HFIkkw, Jt4F8KXvz_iBDeuKb7kBHw, 16xi58yj4HLXLRfTaBcadw, K3ybII2YaLq2fFOvZEFLgA, Dfg975sbdZa0CFzdl3Ok0w, hqrU3hLAl46XiYBdbdXang, 6gkcFnXsA9z4IKJTWpylcQ, oP7sipRK2qEZ9XZnflHh9g, CTByzVUUHWdsNqFCA3zoAQ, TIJ5bk0SIoCLqWSQThnx4A, 5INuiPFd6GhQQVWqfrsoHQ, YwCwGO_lyv7vv2DoqeFjCA, DvZqzG4MBXhevnI3-X1QMQ, otYQmnY-MREpT6cb6DYDag, 4SN72FgmpS_yg4rdjmfFzw, ccB2D20bXGRnEH0G09Y34A, zpqQv4iOLa9xKOVVHSpl-Q, medyEUR367ee6vOyCJNQMw, EtpCxP7RrK2S5K3rQZL3hA, YLExs45PQ2M6Flmjir3sFQ, e6iCOIhtupBCiw-VwBvJ4A, MB7XBiV2Sewriw34xP7Qlg, xOwAGKMV7OFQYEb46W6OXw, ulKv4RvqvDRvqbstdY2aQQ, 6mYg8PDu6EJ1vikjKkmj3w, Y6bVSBO_Ph6KlBU1Oo_J3A, 2p50wcLD1miyLKPOP2xqHQ, aGsvXWjctthztY68G21OiA, c1IGa_o7si33CDIv-L6wbw, KK4d66rvmksrtAkis6XGqw, ijiskRtiHkSz0aq91g90hw, n77C6-mAZoKNu9_44ugFEQ, Gc9mSOvUcA7BrMUh7h7naQ, 1ZIQ2C_EUSTZSyK-APFwvA, ONtavYgpScFClzuTUVnRXA, ExuBKYdzYSvnvQE5QwYjZw, pusUMAm0_Y-oT5Rk93bj2w, DCek5_94seyPdl4QGtlKmw, c-kOt8fG1bx-JfYd0GRFFw, YaQVD-VkxMzhBsW6b-n_Vw, Ha9LtFuJlvMnE3YTXcHrrA, tuP1LQoQtTOV_P95Gy9w0A, 3KG84QgF_5lzW1uDMJOghw, veW3Uy_VjAK4Fmynwh-G_g, qQnmIgx9utR29rS56Rgq-Q, i9WwhhIv6dHZsmkmpDVDkA, MnTGU42t9X8S6wJv05mzlw, NefCtqzI3t0lnXGz9UDjgQ, PcvbBOCOcs6_suRDH7TSTg, d5zRPb1dUGNeoXBxmPY7VA, sWv6uKChsDtB4s9H3DujQw, dPYiMpx5AMuI0jeTITGsKg, wnxS4J6XD3-YrLroQV0Ouw, jdEXcBMtNYZ_-PzKZnI8qQ, 7D3yq3x-Dv5SbJ3vGIpJsQ, xz762kpjXUwPajeZCEXbxQ, PhwfmHJG1LXnddXdK6zbhQ, 7X3lImhKeTfyO0iXgiVUuw, UOP2bUqlhL9aDSeVRgCjTg, QIys2vlDprWvWKJp4JBBZQ, fEgcv6HwG-nkqwr4W7uSiw, DKnS5_NC9t9Y9ZsLxCiXDQ, bwZUw2ABFwgztXzPio8yLg, 7nuPhTTp3Bv9X2NLZPsDEw, 5yD_YDdPP_UE28pu_cxbOQ, jfDzpog_T21NMLac4JO_fA, mk1TEqWCSMPT100EeXLuiA, GStb0h5FzizgiWvral-zaQ, ILA6b9FOlIlZI53N23LXPQ, q75CUQzdvk2N1YcGL--kKg, bL1w62zIAt-MOEIpeL30MQ, QnsGDw5tfM1e7BmGjeplFg, BWxMCD34Cgef2DR8rJz8Zw, i28kp8Mx3KAgGYHe8TlsAA, 9J5warf8pd4AIFFjClzyZA, DtJuu-ezUDi4mP_wdbDGXw, 4ujUS1ZizNFU1N7OewUuNQ, JGYhs2HTzCRWiIDc4iX37w, 12Nu95iFFE1AayIFIRbWNw, NwdKv-KBI7OxeWBdpIsfmA, wLWVT3EMRgYSAWVNynHgJg, werhtj6NysS7EEoYkwFKsw, FUuYQyzWRBK7HvOAZ_s1sQ, dMqLJy8J1a8VpOdcD3bpNw, 1_kItPCk4e-VtYUUg9iiKg, R16IamdyEKHmjgGeRW_RZA, itdkCTzLm6eIjEBlz4_Ysw, RTT4Nua0c18673pt8LHfCA, OkqWDEqIHYyN7QKSeKiZ8A, WUTizWBgngFcNdVZwZLYJg, KedbQJ4Ax1ZhCGG6vaL_mA, DbH3pEiezWfHJJeqFFN3kg, HlX9ui1cllC0fSUcsd5rfg, d30seQvrukI7m_zF6xnB5Q, kyu8XmdRqOUYCK5BWuvzHw, gU843PPGS_S5VxS111BPrw, Jv2YPjBe8MlzneyyRNBX9g, v3O6ka--Gus4FfJvk4tgeg, cQKMYxgv1VZ1eanb7RuTOg, urMngjIG5D8Xde67j3AqSg, qKaIYWKtFV-HglhyEYHiCw, keDv6e99O6IjAEVRrQYCXw, FDuoN8cpcI8y2DBIUoMn4A, GyerAa1FjB8tzbaYS5DHxw, rur8m29F4hCIHahcI_hVRg, SCxM2dAT1vby-eDdOIRcrg, cgLZMfixIeOMskVT_DG-Vg, yNgFKgeqZlqa7E7aDVVwug, MZCtRLrvYVeb67mu_4qmJA, SeVCpoF59lyhZbS_QgokGg, nWIbPo8flL2exTGgnq1kFQ, f4DekkmSsrzG3xsgTZWpNw, jpRFWQLrPnCQN5FThm7T4w, 6JPLsTTLC_PbpGOok-2vPg, Gv8de4zfDSlWv5mMX6-5Iw, 3AJ0DM44yZF2wEYsauCzxg, kKdQq0PAUYhjdeqpYy9DDw, pY4gYV4MTYjhbRQgVOdgzw, CnweCjeKquVM69hwD20PiA, XVVylGn6B-gLcnx33ZinEQ, 50ZW-hlJLS2P8KhPHaUb3A, AFSZUj0n4Ip7SkR55fqKYA, _fcNSAsAmUkgBDeNR3HjLQ, 0UorZ4DbUbOHRPYCrBIVuA, x09u-JslHobIbigUH2embw, zxyrrMTcg7J5wEjNcMZe-Q, VvEpuhYDzK2WLB6_fI0wiw, XEQ-navOBxcqVUG7ECznng, ctiOS-ctXFT53Qr-urdgSA, uE2QOkUfhGcS_JaJtTihcw, 2MxSRdhGGE_OFxiwOa6MJg, MuWbjxrFbRe-Q2XopA9jbg, CMx6QMkOdISMHauo0_01Kw, MEFFQMWgY_HwHsiXqneAmg, H9CDh_DTZuwNwKJ4I2j_PA, 7bcqcIA5AxkuKm3HTZy3KA, IyRWeRAdNzAW0ElK4mtP4A, EWLy2zDf23tk9UjVWpM5qA, dAhoBKucZQRvH32zThaqWw, kQJCAryAbOfrX0YEfAYdKw, ESFq49VT1B_17pXuaHjo4g, qUUZjGCiac1HJ-3sRQlyYA, aLVSgCZyFKsznVWgWLXIFg, amzRAQz3Lwmj6DDhSjBTqg, nuEqfP8cTtNOHpQszmPB4A, RFp3SokSdMfp4v7H1Xxwyg, KsejYNlHn-SIRzscyj61bg, -E5UK5GHbm0wqvzjnelZpQ, LP883AysBJqOAIzQnIvqnA, KzM3xWMrKKaUOvT61jMVHA, ZmEodldPnhcATYZ3_GitYg, wHUtm6qJigHjaUQ0FMEtXQ, M-Twq94ErAGBu8sBGFSgjQ, NYJsOaLwM8M62mGU2093kg, hNqsXsgJVSi4bDF9ZuB9LA, yARkJnwiWqQCcj7FJekykA, y55xsRfi8Nm2GUy_NBXngQ, wejFVuSYYeMUsjknUEagSQ, oMtOsVPgFCwlNuoG9ObdpQ, fHZvRf1M0Yy45eUbph_9qQ, k7NUYwXyUMOBBdoYCE2fvA, f5_fgXqDhu-9xvAXUEe2Kw, DilnrtPdCWQDa-B5_xo76g, tBtqdCZiP7c05sLGJ9-0IA, P-u_G_j9nli50KWe0l7pWw, 7tt0GESNpb8e0QzeT8o2TA, iNh-BlDsk6PkHbcHzZ6_xw, aRAEXdsdZshvpVFWl7ET5Q, aKLvRXvvb-3TP6TkC2v4Xw, 8lrJHzUFvya5RZSYFne25A, aEy43k3P3bLbArVSik2-Gg, PGKf36-iWwBiUb9SFkBofg, NTAvra_vBzE_osu-PY2OKQ, BypPeNocSpIJ6lCN_djPQA, 3zn38b0FhirUpFY6dLGA1Q, ztaxKl8RcTRyOTMEYbC8JQ, pbInt8IO-oINljlZAuLGyg, 5NcCIdqOQ1AfylvmT-lqog, ssUr8Ar5o3lzFvYPmcZnZA, dMaL9zSAHUYd7cxD2lxveA, C3gYiouzQCAzVElqzYzmEw, K6HKJVxXzlwbASNmI61WLA, UStKXLqnYWVABhdRDMwniA, Q_dYZNhtGLhMuh-TaOfRew, bX8zH6DMvwenG4n_2jszsw",1YMEs_zIkhRAWpYx4VTObQ,l-D0uS-tgmhkFpHKBXvPQA,4,3/1/17,"Cafe Rio is a close match to an Authentic Mexican Restaurant. 

I came here for taco Tuesday, $1.95 tacos, $2 for a side of rice and beans. They offer a large variety of ingredients that you can add to your tacos. Tortillas are flour and fairly large compared to the corn tortillas at Chipotle. The steak was very flavorful and cut to medium sized strips. The barbacoa was a little too sweet and very wet, making the tortilla nearly rip but was still good. Chicken had good flavor and wasn't dry. 

Pinto beans are good, rice not so much. 

They offer a ton of hot sauces and fresh fruit waters (aguas frescas) as well as flavor shots. 

Atmosphere is low lit and colorful, making it feel like a cantina. This place might be the new spot for Taco Tuesday!"
jYnkJR3T8yCERXywoVhWYA,Hugo,48,7/6/10,"hkXekeW_Jj6mIy8r8N7r1Q, dQDpV-VUtwYGqHznuRV-yw, Ez7Hve1SaSrCjzl0km5XEA, DVCo_LH2Etu_aAtI9I6vkA, XdnOP1pKEzrPcoV-ZXvSxw, fxvgztSr1DHA869YNGsMtQ, Vs3bPoc5mWqruxg61-XCsg, Xs0vCG3OyIKDP6lD2CeWRA, fU0C1L08LX7FIO8Y3GgWcQ, Dq4I_hs1mNUA0SyzqwfI_w, iev9kF-VpBf9BYkPXwNjtQ, ZT80XHJibHLqiSdfhecYxA, 6Ni3lsxF5syVjTn3Mpxi1g, q0ol92YKdF7L_-s2g5kfAw, xD12J7t1DJemC0PnAOZMRw, WV9-UMmYEq9pvDCbKYuF4A, ZAJBIWvMdEReTIBaNO2zzw, gTtJ2w6cFA9UwipW7v6atQ, YDNK3hTEJSaAfzYubSFPCA, mPyb1bL-aeaiidA1O1gEiQ, -Zv99SCrzejB3-Eelvqyfw, QqZSAYcPWqCEf2hWjFrBVw, XH5drM54jTK_-fbPLJut9w, GKsfhVZYb6JGQOQaaHnIdw, 5yLQ3_Ea_qX7mBCkizgZyA, woHiZYXhcIaDTNRUX5RGUA, XgvdbQk13DSOp5TUoVPdHQ, bP37V2AsgKWtdeMRAa9nig, 9O1cTap-XLI5nO-JHj6TxQ, B5RmV5LhA3R4J0RsyqR70g, qcIKXuGxhtuEnWLzJoGydA, srOeMfwyrcwEJbdFdMRrWQ, iSktH80fgzVLptg9Ep1LiA, mY5JVfJfQN_yzWEsFU0QGQ, 7sERe-EmH5VMk_NnL8cRFg, sQ-r-Bs1MEqudkQt3P77BA, 2f6OJCQClEhHrzUb6qExJQ, VeTGif4-r1auFE4FUOZW7w, ae6aCtSLDo2ysR1kQLtRaQ, 98W_eoy2FGcz5D2s33Fhkg, 7GRml4yE0k__Gfb6FtTtUg, qHYQb3-pV1JpqyWcIkkwjQ, NTLjNHiZuHHGANQ1u2MJyg, 581w9_8Upftg9Htd1-ohKA, 1AWoP8Nhb13k9xxh3W4nVA, Los1p8wph9TbkU9T0Bo8eQ, 3gbDAW9yeEWsTgbrH0MmXw, XwyFeLJhhAPvMIOaZ07C7g, qVA8sxRL6EbAL2C0srCDvg, gHLqL38fdykytgKH-G3FSw, 88qKciYUsQEmzx8Kw7-FBg, CV-Pc9io9BgsLhD4aOu9Zg, uDqTrM55zgyUBPzRVpn8uA, f8skrxyB4dFKq0-eFYt0og, BJGigaqQf6Q_KEtBjM29rg, lc0_H1lq4iFnhKMDmrGpJw, VwdiLnFD8kG9ZhNY1ITPEA, 4_mipJGGJ2TRy2uAI9SC5A, 93R7AeqerA0b4tuivx-36w, AwLgRpWdYCM1_JgAze_qsA, zZoSBcoN5J8FRPf5lKVZww, 25WwoIK8D3L_i63CI2bslQ, Rxz-K72jZ2yNTV3YI5rjyQ, 62Fq2i4lKCO8ucTFNG370w, hqMCM9L_L47WCmidyKYGkw, k5xCuNNwdfpYdsu5PObAOw, lGMpjdxcbCW5vGi9B2a0Kg, 7v9U0o2do5p0ITFUc_qKNw, 9lWKp5EIovVlCWH1wC7Oeg, _-XChTHLoOnlxB_cmYPLZg, bmHmlYJ3kKXdp3_zMXNyrg, DaxCOBl91VcScCJKK9Gwkw, nIod29HbvjRPSO4T-va3bQ, E_EtI0ylBSsGRq-AiRcxkw, 0wXNILLfalmhRVNIVzVVVA, HDPWfls1uO9fxUGwLndOwg, u6cO2x5vr6-9EKDCQ0oSMA, Er6TEjSMmmMD8ipp-kFTEA, jaOjRguj5zbUyVS_HFIkkw, Jt4F8KXvz_iBDeuKb7kBHw, 16xi58yj4HLXLRfTaBcadw, K3ybII2YaLq2fFOvZEFLgA, Dfg975sbdZa0CFzdl3Ok0w, hqrU3hLAl46XiYBdbdXang, 6gkcFnXsA9z4IKJTWpylcQ, oP7sipRK2qEZ9XZnflHh9g, CTByzVUUHWdsNqFCA3zoAQ, TIJ5bk0SIoCLqWSQThnx4A, 5INuiPFd6GhQQVWqfrsoHQ, YwCwGO_lyv7vv2DoqeFjCA, DvZqzG4MBXhevnI3-X1QMQ, otYQmnY-MREpT6cb6DYDag, 4SN72FgmpS_yg4rdjmfFzw, ccB2D20bXGRnEH0G09Y34A, zpqQv4iOLa9xKOVVHSpl-Q, medyEUR367ee6vOyCJNQMw, EtpCxP7RrK2S5K3rQZL3hA, YLExs45PQ2M6Flmjir3sFQ, e6iCOIhtupBCiw-VwBvJ4A, MB7XBiV2Sewriw34xP7Qlg, xOwAGKMV7OFQYEb46W6OXw, ulKv4RvqvDRvqbstdY2aQQ, 6mYg8PDu6EJ1vikjKkmj3w, Y6bVSBO_Ph6KlBU1Oo_J3A, 2p50wcLD1miyLKPOP2xqHQ, aGsvXWjctthztY68G21OiA, c1IGa_o7si33CDIv-L6wbw, KK4d66rvmksrtAkis6XGqw, ijiskRtiHkSz0aq91g90hw, n77C6-mAZoKNu9_44ugFEQ, Gc9mSOvUcA7BrMUh7h7naQ, 1ZIQ2C_EUSTZSyK-APFwvA, ONtavYgpScFClzuTUVnRXA, ExuBKYdzYSvnvQE5QwYjZw, pusUMAm0_Y-oT5Rk93bj2w, DCek5_94seyPdl4QGtlKmw, c-kOt8fG1bx-JfYd0GRFFw, YaQVD-VkxMzhBsW6b-n_Vw, Ha9LtFuJlvMnE3YTXcHrrA, tuP1LQoQtTOV_P95Gy9w0A, 3KG84QgF_5lzW1uDMJOghw, veW3Uy_VjAK4Fmynwh-G_g, qQnmIgx9utR29rS56Rgq-Q, i9WwhhIv6dHZsmkmpDVDkA, MnTGU42t9X8S6wJv05mzlw, NefCtqzI3t0lnXGz9UDjgQ, PcvbBOCOcs6_suRDH7TSTg, d5zRPb1dUGNeoXBxmPY7VA, sWv6uKChsDtB4s9H3DujQw, dPYiMpx5AMuI0jeTITGsKg, wnxS4J6XD3-YrLroQV0Ouw, jdEXcBMtNYZ_-PzKZnI8qQ, 7D3yq3x-Dv5SbJ3vGIpJsQ, xz762kpjXUwPajeZCEXbxQ, PhwfmHJG1LXnddXdK6zbhQ, 7X3lImhKeTfyO0iXgiVUuw, UOP2bUqlhL9aDSeVRgCjTg, QIys2vlDprWvWKJp4JBBZQ, fEgcv6HwG-nkqwr4W7uSiw, DKnS5_NC9t9Y9ZsLxCiXDQ, bwZUw2ABFwgztXzPio8yLg, 7nuPhTTp3Bv9X2NLZPsDEw, 5yD_YDdPP_UE28pu_cxbOQ, jfDzpog_T21NMLac4JO_fA, mk1TEqWCSMPT100EeXLuiA, GStb0h5FzizgiWvral-zaQ, ILA6b9FOlIlZI53N23LXPQ, q75CUQzdvk2N1YcGL--kKg, bL1w62zIAt-MOEIpeL30MQ, QnsGDw5tfM1e7BmGjeplFg, BWxMCD34Cgef2DR8rJz8Zw, i28kp8Mx3KAgGYHe8TlsAA, 9J5warf8pd4AIFFjClzyZA, DtJuu-ezUDi4mP_wdbDGXw, 4ujUS1ZizNFU1N7OewUuNQ, JGYhs2HTzCRWiIDc4iX37w, 12Nu95iFFE1AayIFIRbWNw, NwdKv-KBI7OxeWBdpIsfmA, wLWVT3EMRgYSAWVNynHgJg, werhtj6NysS7EEoYkwFKsw, FUuYQyzWRBK7HvOAZ_s1sQ, dMqLJy8J1a8VpOdcD3bpNw, 1_kItPCk4e-VtYUUg9iiKg, R16IamdyEKHmjgGeRW_RZA, itdkCTzLm6eIjEBlz4_Ysw, RTT4Nua0c18673pt8LHfCA, OkqWDEqIHYyN7QKSeKiZ8A, WUTizWBgngFcNdVZwZLYJg, KedbQJ4Ax1ZhCGG6vaL_mA, DbH3pEiezWfHJJeqFFN3kg, HlX9ui1cllC0fSUcsd5rfg, d30seQvrukI7m_zF6xnB5Q, kyu8XmdRqOUYCK5BWuvzHw, gU843PPGS_S5VxS111BPrw, Jv2YPjBe8MlzneyyRNBX9g, v3O6ka--Gus4FfJvk4tgeg, cQKMYxgv1VZ1eanb7RuTOg, urMngjIG5D8Xde67j3AqSg, qKaIYWKtFV-HglhyEYHiCw, keDv6e99O6IjAEVRrQYCXw, FDuoN8cpcI8y2DBIUoMn4A, GyerAa1FjB8tzbaYS5DHxw, rur8m29F4hCIHahcI_hVRg, SCxM2dAT1vby-eDdOIRcrg, cgLZMfixIeOMskVT_DG-Vg, yNgFKgeqZlqa7E7aDVVwug, MZCtRLrvYVeb67mu_4qmJA, SeVCpoF59lyhZbS_QgokGg, nWIbPo8flL2exTGgnq1kFQ, f4DekkmSsrzG3xsgTZWpNw, jpRFWQLrPnCQN5FThm7T4w, 6JPLsTTLC_PbpGOok-2vPg, Gv8de4zfDSlWv5mMX6-5Iw, 3AJ0DM44yZF2wEYsauCzxg, kKdQq0PAUYhjdeqpYy9DDw, pY4gYV4MTYjhbRQgVOdgzw, CnweCjeKquVM69hwD20PiA, XVVylGn6B-gLcnx33ZinEQ, 50ZW-hlJLS2P8KhPHaUb3A, AFSZUj0n4Ip7SkR55fqKYA, _fcNSAsAmUkgBDeNR3HjLQ, 0UorZ4DbUbOHRPYCrBIVuA, x09u-JslHobIbigUH2embw, zxyrrMTcg7J5wEjNcMZe-Q, VvEpuhYDzK2WLB6_fI0wiw, XEQ-navOBxcqVUG7ECznng, ctiOS-ctXFT53Qr-urdgSA, uE2QOkUfhGcS_JaJtTihcw, 2MxSRdhGGE_OFxiwOa6MJg, MuWbjxrFbRe-Q2XopA9jbg, CMx6QMkOdISMHauo0_01Kw, MEFFQMWgY_HwHsiXqneAmg, H9CDh_DTZuwNwKJ4I2j_PA, 7bcqcIA5AxkuKm3HTZy3KA, IyRWeRAdNzAW0ElK4mtP4A, EWLy2zDf23tk9UjVWpM5qA, dAhoBKucZQRvH32zThaqWw, kQJCAryAbOfrX0YEfAYdKw, ESFq49VT1B_17pXuaHjo4g, qUUZjGCiac1HJ-3sRQlyYA, aLVSgCZyFKsznVWgWLXIFg, amzRAQz3Lwmj6DDhSjBTqg, nuEqfP8cTtNOHpQszmPB4A, RFp3SokSdMfp4v7H1Xxwyg, KsejYNlHn-SIRzscyj61bg, -E5UK5GHbm0wqvzjnelZpQ, LP883AysBJqOAIzQnIvqnA, KzM3xWMrKKaUOvT61jMVHA, ZmEodldPnhcATYZ3_GitYg, wHUtm6qJigHjaUQ0FMEtXQ, M-Twq94ErAGBu8sBGFSgjQ, NYJsOaLwM8M62mGU2093kg, hNqsXsgJVSi4bDF9ZuB9LA, yARkJnwiWqQCcj7FJekykA, y55xsRfi8Nm2GUy_NBXngQ, wejFVuSYYeMUsjknUEagSQ, oMtOsVPgFCwlNuoG9ObdpQ, fHZvRf1M0Yy45eUbph_9qQ, k7NUYwXyUMOBBdoYCE2fvA, f5_fgXqDhu-9xvAXUEe2Kw, DilnrtPdCWQDa-B5_xo76g, tBtqdCZiP7c05sLGJ9-0IA, P-u_G_j9nli50KWe0l7pWw, 7tt0GESNpb8e0QzeT8o2TA, iNh-BlDsk6PkHbcHzZ6_xw, aRAEXdsdZshvpVFWl7ET5Q, aKLvRXvvb-3TP6TkC2v4Xw, 8lrJHzUFvya5RZSYFne25A, aEy43k3P3bLbArVSik2-Gg, PGKf36-iWwBiUb9SFkBofg, NTAvra_vBzE_osu-PY2OKQ, BypPeNocSpIJ6lCN_djPQA, 3zn38b0FhirUpFY6dLGA1Q, ztaxKl8RcTRyOTMEYbC8JQ, pbInt8IO-oINljlZAuLGyg, 5NcCIdqOQ1AfylvmT-lqog, ssUr8Ar5o3lzFvYPmcZnZA, dMaL9zSAHUYd7cxD2lxveA, C3gYiouzQCAzVElqzYzmEw, K6HKJVxXzlwbASNmI61WLA, UStKXLqnYWVABhdRDMwniA, Q_dYZNhtGLhMuh-TaOfRew, bX8zH6DMvwenG4n_2jszsw",_Z5fZjlDWsALbDfB0viRCg,p6p9C015fOq8jxxBNGDl1g,5,12/20/12,Grayson knew exactly what I had in mind for my project plus he gave me a pretty good price! They had everything done in around a week. Let's just say my yard looks awesome :)
jYnkJR3T8yCERXywoVhWYA,Hugo,48,7/6/10,"hkXekeW_Jj6mIy8r8N7r1Q, dQDpV-VUtwYGqHznuRV-yw, Ez7Hve1SaSrCjzl0km5XEA, DVCo_LH2Etu_aAtI9I6vkA, XdnOP1pKEzrPcoV-ZXvSxw, fxvgztSr1DHA869YNGsMtQ, Vs3bPoc5mWqruxg61-XCsg, Xs0vCG3OyIKDP6lD2CeWRA, fU0C1L08LX7FIO8Y3GgWcQ, Dq4I_hs1mNUA0SyzqwfI_w, iev9kF-VpBf9BYkPXwNjtQ, ZT80XHJibHLqiSdfhecYxA, 6Ni3lsxF5syVjTn3Mpxi1g, q0ol92YKdF7L_-s2g5kfAw, xD12J7t1DJemC0PnAOZMRw, WV9-UMmYEq9pvDCbKYuF4A, ZAJBIWvMdEReTIBaNO2zzw, gTtJ2w6cFA9UwipW7v6atQ, YDNK3hTEJSaAfzYubSFPCA, mPyb1bL-aeaiidA1O1gEiQ, -Zv99SCrzejB3-Eelvqyfw, QqZSAYcPWqCEf2hWjFrBVw, XH5drM54jTK_-fbPLJut9w, GKsfhVZYb6JGQOQaaHnIdw, 5yLQ3_Ea_qX7mBCkizgZyA, woHiZYXhcIaDTNRUX5RGUA, XgvdbQk13DSOp5TUoVPdHQ, bP37V2AsgKWtdeMRAa9nig, 9O1cTap-XLI5nO-JHj6TxQ, B5RmV5LhA3R4J0RsyqR70g, qcIKXuGxhtuEnWLzJoGydA, srOeMfwyrcwEJbdFdMRrWQ, iSktH80fgzVLptg9Ep1LiA, mY5JVfJfQN_yzWEsFU0QGQ, 7sERe-EmH5VMk_NnL8cRFg, sQ-r-Bs1MEqudkQt3P77BA, 2f6OJCQClEhHrzUb6qExJQ, VeTGif4-r1auFE4FUOZW7w, ae6aCtSLDo2ysR1kQLtRaQ, 98W_eoy2FGcz5D2s33Fhkg, 7GRml4yE0k__Gfb6FtTtUg, qHYQb3-pV1JpqyWcIkkwjQ, NTLjNHiZuHHGANQ1u2MJyg, 581w9_8Upftg9Htd1-ohKA, 1AWoP8Nhb13k9xxh3W4nVA, Los1p8wph9TbkU9T0Bo8eQ, 3gbDAW9yeEWsTgbrH0MmXw, XwyFeLJhhAPvMIOaZ07C7g, qVA8sxRL6EbAL2C0srCDvg, gHLqL38fdykytgKH-G3FSw, 88qKciYUsQEmzx8Kw7-FBg, CV-Pc9io9BgsLhD4aOu9Zg, uDqTrM55zgyUBPzRVpn8uA, f8skrxyB4dFKq0-eFYt0og, BJGigaqQf6Q_KEtBjM29rg, lc0_H1lq4iFnhKMDmrGpJw, VwdiLnFD8kG9ZhNY1ITPEA, 4_mipJGGJ2TRy2uAI9SC5A, 93R7AeqerA0b4tuivx-36w, AwLgRpWdYCM1_JgAze_qsA, zZoSBcoN5J8FRPf5lKVZww, 25WwoIK8D3L_i63CI2bslQ, Rxz-K72jZ2yNTV3YI5rjyQ, 62Fq2i4lKCO8ucTFNG370w, hqMCM9L_L47WCmidyKYGkw, k5xCuNNwdfpYdsu5PObAOw, lGMpjdxcbCW5vGi9B2a0Kg, 7v9U0o2do5p0ITFUc_qKNw, 9lWKp5EIovVlCWH1wC7Oeg, _-XChTHLoOnlxB_cmYPLZg, bmHmlYJ3kKXdp3_zMXNyrg, DaxCOBl91VcScCJKK9Gwkw, nIod29HbvjRPSO4T-va3bQ, E_EtI0ylBSsGRq-AiRcxkw, 0wXNILLfalmhRVNIVzVVVA, HDPWfls1uO9fxUGwLndOwg, u6cO2x5vr6-9EKDCQ0oSMA, Er6TEjSMmmMD8ipp-kFTEA, jaOjRguj5zbUyVS_HFIkkw, Jt4F8KXvz_iBDeuKb7kBHw, 16xi58yj4HLXLRfTaBcadw, K3ybII2YaLq2fFOvZEFLgA, Dfg975sbdZa0CFzdl3Ok0w, hqrU3hLAl46XiYBdbdXang, 6gkcFnXsA9z4IKJTWpylcQ, oP7sipRK2qEZ9XZnflHh9g, CTByzVUUHWdsNqFCA3zoAQ, TIJ5bk0SIoCLqWSQThnx4A, 5INuiPFd6GhQQVWqfrsoHQ, YwCwGO_lyv7vv2DoqeFjCA, DvZqzG4MBXhevnI3-X1QMQ, otYQmnY-MREpT6cb6DYDag, 4SN72FgmpS_yg4rdjmfFzw, ccB2D20bXGRnEH0G09Y34A, zpqQv4iOLa9xKOVVHSpl-Q, medyEUR367ee6vOyCJNQMw, EtpCxP7RrK2S5K3rQZL3hA, YLExs45PQ2M6Flmjir3sFQ, e6iCOIhtupBCiw-VwBvJ4A, MB7XBiV2Sewriw34xP7Qlg, xOwAGKMV7OFQYEb46W6OXw, ulKv4RvqvDRvqbstdY2aQQ, 6mYg8PDu6EJ1vikjKkmj3w, Y6bVSBO_Ph6KlBU1Oo_J3A, 2p50wcLD1miyLKPOP2xqHQ, aGsvXWjctthztY68G21OiA, c1IGa_o7si33CDIv-L6wbw, KK4d66rvmksrtAkis6XGqw, ijiskRtiHkSz0aq91g90hw, n77C6-mAZoKNu9_44ugFEQ, Gc9mSOvUcA7BrMUh7h7naQ, 1ZIQ2C_EUSTZSyK-APFwvA, ONtavYgpScFClzuTUVnRXA, ExuBKYdzYSvnvQE5QwYjZw, pusUMAm0_Y-oT5Rk93bj2w, DCek5_94seyPdl4QGtlKmw, c-kOt8fG1bx-JfYd0GRFFw, YaQVD-VkxMzhBsW6b-n_Vw, Ha9LtFuJlvMnE3YTXcHrrA, tuP1LQoQtTOV_P95Gy9w0A, 3KG84QgF_5lzW1uDMJOghw, veW3Uy_VjAK4Fmynwh-G_g, qQnmIgx9utR29rS56Rgq-Q, i9WwhhIv6dHZsmkmpDVDkA, MnTGU42t9X8S6wJv05mzlw, NefCtqzI3t0lnXGz9UDjgQ, PcvbBOCOcs6_suRDH7TSTg, d5zRPb1dUGNeoXBxmPY7VA, sWv6uKChsDtB4s9H3DujQw, dPYiMpx5AMuI0jeTITGsKg, wnxS4J6XD3-YrLroQV0Ouw, jdEXcBMtNYZ_-PzKZnI8qQ, 7D3yq3x-Dv5SbJ3vGIpJsQ, xz762kpjXUwPajeZCEXbxQ, PhwfmHJG1LXnddXdK6zbhQ, 7X3lImhKeTfyO0iXgiVUuw, UOP2bUqlhL9aDSeVRgCjTg, QIys2vlDprWvWKJp4JBBZQ, fEgcv6HwG-nkqwr4W7uSiw, DKnS5_NC9t9Y9ZsLxCiXDQ, bwZUw2ABFwgztXzPio8yLg, 7nuPhTTp3Bv9X2NLZPsDEw, 5yD_YDdPP_UE28pu_cxbOQ, jfDzpog_T21NMLac4JO_fA, mk1TEqWCSMPT100EeXLuiA, GStb0h5FzizgiWvral-zaQ, ILA6b9FOlIlZI53N23LXPQ, q75CUQzdvk2N1YcGL--kKg, bL1w62zIAt-MOEIpeL30MQ, QnsGDw5tfM1e7BmGjeplFg, BWxMCD34Cgef2DR8rJz8Zw, i28kp8Mx3KAgGYHe8TlsAA, 9J5warf8pd4AIFFjClzyZA, DtJuu-ezUDi4mP_wdbDGXw, 4ujUS1ZizNFU1N7OewUuNQ, JGYhs2HTzCRWiIDc4iX37w, 12Nu95iFFE1AayIFIRbWNw, NwdKv-KBI7OxeWBdpIsfmA, wLWVT3EMRgYSAWVNynHgJg, werhtj6NysS7EEoYkwFKsw, FUuYQyzWRBK7HvOAZ_s1sQ, dMqLJy8J1a8VpOdcD3bpNw, 1_kItPCk4e-VtYUUg9iiKg, R16IamdyEKHmjgGeRW_RZA, itdkCTzLm6eIjEBlz4_Ysw, RTT4Nua0c18673pt8LHfCA, OkqWDEqIHYyN7QKSeKiZ8A, WUTizWBgngFcNdVZwZLYJg, KedbQJ4Ax1ZhCGG6vaL_mA, DbH3pEiezWfHJJeqFFN3kg, HlX9ui1cllC0fSUcsd5rfg, d30seQvrukI7m_zF6xnB5Q, kyu8XmdRqOUYCK5BWuvzHw, gU843PPGS_S5VxS111BPrw, Jv2YPjBe8MlzneyyRNBX9g, v3O6ka--Gus4FfJvk4tgeg, cQKMYxgv1VZ1eanb7RuTOg, urMngjIG5D8Xde67j3AqSg, qKaIYWKtFV-HglhyEYHiCw, keDv6e99O6IjAEVRrQYCXw, FDuoN8cpcI8y2DBIUoMn4A, GyerAa1FjB8tzbaYS5DHxw, rur8m29F4hCIHahcI_hVRg, SCxM2dAT1vby-eDdOIRcrg, cgLZMfixIeOMskVT_DG-Vg, yNgFKgeqZlqa7E7aDVVwug, MZCtRLrvYVeb67mu_4qmJA, SeVCpoF59lyhZbS_QgokGg, nWIbPo8flL2exTGgnq1kFQ, f4DekkmSsrzG3xsgTZWpNw, jpRFWQLrPnCQN5FThm7T4w, 6JPLsTTLC_PbpGOok-2vPg, Gv8de4zfDSlWv5mMX6-5Iw, 3AJ0DM44yZF2wEYsauCzxg, kKdQq0PAUYhjdeqpYy9DDw, pY4gYV4MTYjhbRQgVOdgzw, CnweCjeKquVM69hwD20PiA, XVVylGn6B-gLcnx33ZinEQ, 50ZW-hlJLS2P8KhPHaUb3A, AFSZUj0n4Ip7SkR55fqKYA, _fcNSAsAmUkgBDeNR3HjLQ, 0UorZ4DbUbOHRPYCrBIVuA, x09u-JslHobIbigUH2embw, zxyrrMTcg7J5wEjNcMZe-Q, VvEpuhYDzK2WLB6_fI0wiw, XEQ-navOBxcqVUG7ECznng, ctiOS-ctXFT53Qr-urdgSA, uE2QOkUfhGcS_JaJtTihcw, 2MxSRdhGGE_OFxiwOa6MJg, MuWbjxrFbRe-Q2XopA9jbg, CMx6QMkOdISMHauo0_01Kw, MEFFQMWgY_HwHsiXqneAmg, H9CDh_DTZuwNwKJ4I2j_PA, 7bcqcIA5AxkuKm3HTZy3KA, IyRWeRAdNzAW0ElK4mtP4A, EWLy2zDf23tk9UjVWpM5qA, dAhoBKucZQRvH32zThaqWw, kQJCAryAbOfrX0YEfAYdKw, ESFq49VT1B_17pXuaHjo4g, qUUZjGCiac1HJ-3sRQlyYA, aLVSgCZyFKsznVWgWLXIFg, amzRAQz3Lwmj6DDhSjBTqg, nuEqfP8cTtNOHpQszmPB4A, RFp3SokSdMfp4v7H1Xxwyg, KsejYNlHn-SIRzscyj61bg, -E5UK5GHbm0wqvzjnelZpQ, LP883AysBJqOAIzQnIvqnA, KzM3xWMrKKaUOvT61jMVHA, ZmEodldPnhcATYZ3_GitYg, wHUtm6qJigHjaUQ0FMEtXQ, M-Twq94ErAGBu8sBGFSgjQ, NYJsOaLwM8M62mGU2093kg, hNqsXsgJVSi4bDF9ZuB9LA, yARkJnwiWqQCcj7FJekykA, y55xsRfi8Nm2GUy_NBXngQ, wejFVuSYYeMUsjknUEagSQ, oMtOsVPgFCwlNuoG9ObdpQ, fHZvRf1M0Yy45eUbph_9qQ, k7NUYwXyUMOBBdoYCE2fvA, f5_fgXqDhu-9xvAXUEe2Kw, DilnrtPdCWQDa-B5_xo76g, tBtqdCZiP7c05sLGJ9-0IA, P-u_G_j9nli50KWe0l7pWw, 7tt0GESNpb8e0QzeT8o2TA, iNh-BlDsk6PkHbcHzZ6_xw, aRAEXdsdZshvpVFWl7ET5Q, aKLvRXvvb-3TP6TkC2v4Xw, 8lrJHzUFvya5RZSYFne25A, aEy43k3P3bLbArVSik2-Gg, PGKf36-iWwBiUb9SFkBofg, NTAvra_vBzE_osu-PY2OKQ, BypPeNocSpIJ6lCN_djPQA, 3zn38b0FhirUpFY6dLGA1Q, ztaxKl8RcTRyOTMEYbC8JQ, pbInt8IO-oINljlZAuLGyg, 5NcCIdqOQ1AfylvmT-lqog, ssUr8Ar5o3lzFvYPmcZnZA, dMaL9zSAHUYd7cxD2lxveA, C3gYiouzQCAzVElqzYzmEw, K6HKJVxXzlwbASNmI61WLA, UStKXLqnYWVABhdRDMwniA, Q_dYZNhtGLhMuh-TaOfRew, bX8zH6DMvwenG4n_2jszsw",cnImzPutyftEAznYYrXViQ,ZDdEtIFhLsoydDvB8joYrA,1,7/11/10,Place isn't and won't ever have the same taste since they switched owners.
jYnkJR3T8yCERXywoVhWYA,Hugo,48,7/6/10,"hkXekeW_Jj6mIy8r8N7r1Q, dQDpV-VUtwYGqHznuRV-yw, Ez7Hve1SaSrCjzl0km5XEA, DVCo_LH2Etu_aAtI9I6vkA, XdnOP1pKEzrPcoV-ZXvSxw, fxvgztSr1DHA869YNGsMtQ, Vs3bPoc5mWqruxg61-XCsg, Xs0vCG3OyIKDP6lD2CeWRA, fU0C1L08LX7FIO8Y3GgWcQ, Dq4I_hs1mNUA0SyzqwfI_w, iev9kF-VpBf9BYkPXwNjtQ, ZT80XHJibHLqiSdfhecYxA, 6Ni3lsxF5syVjTn3Mpxi1g, q0ol92YKdF7L_-s2g5kfAw, xD12J7t1DJemC0PnAOZMRw, WV9-UMmYEq9pvDCbKYuF4A, ZAJBIWvMdEReTIBaNO2zzw, gTtJ2w6cFA9UwipW7v6atQ, YDNK3hTEJSaAfzYubSFPCA, mPyb1bL-aeaiidA1O1gEiQ, -Zv99SCrzejB3-Eelvqyfw, QqZSAYcPWqCEf2hWjFrBVw, XH5drM54jTK_-fbPLJut9w, GKsfhVZYb6JGQOQaaHnIdw, 5yLQ3_Ea_qX7mBCkizgZyA, woHiZYXhcIaDTNRUX5RGUA, XgvdbQk13DSOp5TUoVPdHQ, bP37V2AsgKWtdeMRAa9nig, 9O1cTap-XLI5nO-JHj6TxQ, B5RmV5LhA3R4J0RsyqR70g, qcIKXuGxhtuEnWLzJoGydA, srOeMfwyrcwEJbdFdMRrWQ, iSktH80fgzVLptg9Ep1LiA, mY5JVfJfQN_yzWEsFU0QGQ, 7sERe-EmH5VMk_NnL8cRFg, sQ-r-Bs1MEqudkQt3P77BA, 2f6OJCQClEhHrzUb6qExJQ, VeTGif4-r1auFE4FUOZW7w, ae6aCtSLDo2ysR1kQLtRaQ, 98W_eoy2FGcz5D2s33Fhkg, 7GRml4yE0k__Gfb6FtTtUg, qHYQb3-pV1JpqyWcIkkwjQ, NTLjNHiZuHHGANQ1u2MJyg, 581w9_8Upftg9Htd1-ohKA, 1AWoP8Nhb13k9xxh3W4nVA, Los1p8wph9TbkU9T0Bo8eQ, 3gbDAW9yeEWsTgbrH0MmXw, XwyFeLJhhAPvMIOaZ07C7g, qVA8sxRL6EbAL2C0srCDvg, gHLqL38fdykytgKH-G3FSw, 88qKciYUsQEmzx8Kw7-FBg, CV-Pc9io9BgsLhD4aOu9Zg, uDqTrM55zgyUBPzRVpn8uA, f8skrxyB4dFKq0-eFYt0og, BJGigaqQf6Q_KEtBjM29rg, lc0_H1lq4iFnhKMDmrGpJw, VwdiLnFD8kG9ZhNY1ITPEA, 4_mipJGGJ2TRy2uAI9SC5A, 93R7AeqerA0b4tuivx-36w, AwLgRpWdYCM1_JgAze_qsA, zZoSBcoN5J8FRPf5lKVZww, 25WwoIK8D3L_i63CI2bslQ, Rxz-K72jZ2yNTV3YI5rjyQ, 62Fq2i4lKCO8ucTFNG370w, hqMCM9L_L47WCmidyKYGkw, k5xCuNNwdfpYdsu5PObAOw, lGMpjdxcbCW5vGi9B2a0Kg, 7v9U0o2do5p0ITFUc_qKNw, 9lWKp5EIovVlCWH1wC7Oeg, _-XChTHLoOnlxB_cmYPLZg, bmHmlYJ3kKXdp3_zMXNyrg, DaxCOBl91VcScCJKK9Gwkw, nIod29HbvjRPSO4T-va3bQ, E_EtI0ylBSsGRq-AiRcxkw, 0wXNILLfalmhRVNIVzVVVA, HDPWfls1uO9fxUGwLndOwg, u6cO2x5vr6-9EKDCQ0oSMA, Er6TEjSMmmMD8ipp-kFTEA, jaOjRguj5zbUyVS_HFIkkw, Jt4F8KXvz_iBDeuKb7kBHw, 16xi58yj4HLXLRfTaBcadw, K3ybII2YaLq2fFOvZEFLgA, Dfg975sbdZa0CFzdl3Ok0w, hqrU3hLAl46XiYBdbdXang, 6gkcFnXsA9z4IKJTWpylcQ, oP7sipRK2qEZ9XZnflHh9g, CTByzVUUHWdsNqFCA3zoAQ, TIJ5bk0SIoCLqWSQThnx4A, 5INuiPFd6GhQQVWqfrsoHQ, YwCwGO_lyv7vv2DoqeFjCA, DvZqzG4MBXhevnI3-X1QMQ, otYQmnY-MREpT6cb6DYDag, 4SN72FgmpS_yg4rdjmfFzw, ccB2D20bXGRnEH0G09Y34A, zpqQv4iOLa9xKOVVHSpl-Q, medyEUR367ee6vOyCJNQMw, EtpCxP7RrK2S5K3rQZL3hA, YLExs45PQ2M6Flmjir3sFQ, e6iCOIhtupBCiw-VwBvJ4A, MB7XBiV2Sewriw34xP7Qlg, xOwAGKMV7OFQYEb46W6OXw, ulKv4RvqvDRvqbstdY2aQQ, 6mYg8PDu6EJ1vikjKkmj3w, Y6bVSBO_Ph6KlBU1Oo_J3A, 2p50wcLD1miyLKPOP2xqHQ, aGsvXWjctthztY68G21OiA, c1IGa_o7si33CDIv-L6wbw, KK4d66rvmksrtAkis6XGqw, ijiskRtiHkSz0aq91g90hw, n77C6-mAZoKNu9_44ugFEQ, Gc9mSOvUcA7BrMUh7h7naQ, 1ZIQ2C_EUSTZSyK-APFwvA, ONtavYgpScFClzuTUVnRXA, ExuBKYdzYSvnvQE5QwYjZw, pusUMAm0_Y-oT5Rk93bj2w, DCek5_94seyPdl4QGtlKmw, c-kOt8fG1bx-JfYd0GRFFw, YaQVD-VkxMzhBsW6b-n_Vw, Ha9LtFuJlvMnE3YTXcHrrA, tuP1LQoQtTOV_P95Gy9w0A, 3KG84QgF_5lzW1uDMJOghw, veW3Uy_VjAK4Fmynwh-G_g, qQnmIgx9utR29rS56Rgq-Q, i9WwhhIv6dHZsmkmpDVDkA, MnTGU42t9X8S6wJv05mzlw, NefCtqzI3t0lnXGz9UDjgQ, PcvbBOCOcs6_suRDH7TSTg, d5zRPb1dUGNeoXBxmPY7VA, sWv6uKChsDtB4s9H3DujQw, dPYiMpx5AMuI0jeTITGsKg, wnxS4J6XD3-YrLroQV0Ouw, jdEXcBMtNYZ_-PzKZnI8qQ, 7D3yq3x-Dv5SbJ3vGIpJsQ, xz762kpjXUwPajeZCEXbxQ, PhwfmHJG1LXnddXdK6zbhQ, 7X3lImhKeTfyO0iXgiVUuw, UOP2bUqlhL9aDSeVRgCjTg, QIys2vlDprWvWKJp4JBBZQ, fEgcv6HwG-nkqwr4W7uSiw, DKnS5_NC9t9Y9ZsLxCiXDQ, bwZUw2ABFwgztXzPio8yLg, 7nuPhTTp3Bv9X2NLZPsDEw, 5yD_YDdPP_UE28pu_cxbOQ, jfDzpog_T21NMLac4JO_fA, mk1TEqWCSMPT100EeXLuiA, GStb0h5FzizgiWvral-zaQ, ILA6b9FOlIlZI53N23LXPQ, q75CUQzdvk2N1YcGL--kKg, bL1w62zIAt-MOEIpeL30MQ, QnsGDw5tfM1e7BmGjeplFg, BWxMCD34Cgef2DR8rJz8Zw, i28kp8Mx3KAgGYHe8TlsAA, 9J5warf8pd4AIFFjClzyZA, DtJuu-ezUDi4mP_wdbDGXw, 4ujUS1ZizNFU1N7OewUuNQ, JGYhs2HTzCRWiIDc4iX37w, 12Nu95iFFE1AayIFIRbWNw, NwdKv-KBI7OxeWBdpIsfmA, wLWVT3EMRgYSAWVNynHgJg, werhtj6NysS7EEoYkwFKsw, FUuYQyzWRBK7HvOAZ_s1sQ, dMqLJy8J1a8VpOdcD3bpNw, 1_kItPCk4e-VtYUUg9iiKg, R16IamdyEKHmjgGeRW_RZA, itdkCTzLm6eIjEBlz4_Ysw, RTT4Nua0c18673pt8LHfCA, OkqWDEqIHYyN7QKSeKiZ8A, WUTizWBgngFcNdVZwZLYJg, KedbQJ4Ax1ZhCGG6vaL_mA, DbH3pEiezWfHJJeqFFN3kg, HlX9ui1cllC0fSUcsd5rfg, d30seQvrukI7m_zF6xnB5Q, kyu8XmdRqOUYCK5BWuvzHw, gU843PPGS_S5VxS111BPrw, Jv2YPjBe8MlzneyyRNBX9g, v3O6ka--Gus4FfJvk4tgeg, cQKMYxgv1VZ1eanb7RuTOg, urMngjIG5D8Xde67j3AqSg, qKaIYWKtFV-HglhyEYHiCw, keDv6e99O6IjAEVRrQYCXw, FDuoN8cpcI8y2DBIUoMn4A, GyerAa1FjB8tzbaYS5DHxw, rur8m29F4hCIHahcI_hVRg, SCxM2dAT1vby-eDdOIRcrg, cgLZMfixIeOMskVT_DG-Vg, yNgFKgeqZlqa7E7aDVVwug, MZCtRLrvYVeb67mu_4qmJA, SeVCpoF59lyhZbS_QgokGg, nWIbPo8flL2exTGgnq1kFQ, f4DekkmSsrzG3xsgTZWpNw, jpRFWQLrPnCQN5FThm7T4w, 6JPLsTTLC_PbpGOok-2vPg, Gv8de4zfDSlWv5mMX6-5Iw, 3AJ0DM44yZF2wEYsauCzxg, kKdQq0PAUYhjdeqpYy9DDw, pY4gYV4MTYjhbRQgVOdgzw, CnweCjeKquVM69hwD20PiA, XVVylGn6B-gLcnx33ZinEQ, 50ZW-hlJLS2P8KhPHaUb3A, AFSZUj0n4Ip7SkR55fqKYA, _fcNSAsAmUkgBDeNR3HjLQ, 0UorZ4DbUbOHRPYCrBIVuA, x09u-JslHobIbigUH2embw, zxyrrMTcg7J5wEjNcMZe-Q, VvEpuhYDzK2WLB6_fI0wiw, XEQ-navOBxcqVUG7ECznng, ctiOS-ctXFT53Qr-urdgSA, uE2QOkUfhGcS_JaJtTihcw, 2MxSRdhGGE_OFxiwOa6MJg, MuWbjxrFbRe-Q2XopA9jbg, CMx6QMkOdISMHauo0_01Kw, MEFFQMWgY_HwHsiXqneAmg, H9CDh_DTZuwNwKJ4I2j_PA, 7bcqcIA5AxkuKm3HTZy3KA, IyRWeRAdNzAW0ElK4mtP4A, EWLy2zDf23tk9UjVWpM5qA, dAhoBKucZQRvH32zThaqWw, kQJCAryAbOfrX0YEfAYdKw, ESFq49VT1B_17pXuaHjo4g, qUUZjGCiac1HJ-3sRQlyYA, aLVSgCZyFKsznVWgWLXIFg, amzRAQz3Lwmj6DDhSjBTqg, nuEqfP8cTtNOHpQszmPB4A, RFp3SokSdMfp4v7H1Xxwyg, KsejYNlHn-SIRzscyj61bg, -E5UK5GHbm0wqvzjnelZpQ, LP883AysBJqOAIzQnIvqnA, KzM3xWMrKKaUOvT61jMVHA, ZmEodldPnhcATYZ3_GitYg, wHUtm6qJigHjaUQ0FMEtXQ, M-Twq94ErAGBu8sBGFSgjQ, NYJsOaLwM8M62mGU2093kg, hNqsXsgJVSi4bDF9ZuB9LA, yARkJnwiWqQCcj7FJekykA, y55xsRfi8Nm2GUy_NBXngQ, wejFVuSYYeMUsjknUEagSQ, oMtOsVPgFCwlNuoG9ObdpQ, fHZvRf1M0Yy45eUbph_9qQ, k7NUYwXyUMOBBdoYCE2fvA, f5_fgXqDhu-9xvAXUEe2Kw, DilnrtPdCWQDa-B5_xo76g, tBtqdCZiP7c05sLGJ9-0IA, P-u_G_j9nli50KWe0l7pWw, 7tt0GESNpb8e0QzeT8o2TA, iNh-BlDsk6PkHbcHzZ6_xw, aRAEXdsdZshvpVFWl7ET5Q, aKLvRXvvb-3TP6TkC2v4Xw, 8lrJHzUFvya5RZSYFne25A, aEy43k3P3bLbArVSik2-Gg, PGKf36-iWwBiUb9SFkBofg, NTAvra_vBzE_osu-PY2OKQ, BypPeNocSpIJ6lCN_djPQA, 3zn38b0FhirUpFY6dLGA1Q, ztaxKl8RcTRyOTMEYbC8JQ, pbInt8IO-oINljlZAuLGyg, 5NcCIdqOQ1AfylvmT-lqog, ssUr8Ar5o3lzFvYPmcZnZA, dMaL9zSAHUYd7cxD2lxveA, C3gYiouzQCAzVElqzYzmEw, K6HKJVxXzlwbASNmI61WLA, UStKXLqnYWVABhdRDMwniA, Q_dYZNhtGLhMuh-TaOfRew, bX8zH6DMvwenG4n_2jszsw",w90qYNkSucveBXfyQJaGZA,1a9YViZDThy3VqBnGOatmQ,4,2/14/17,"Maggiano's is definitively a favorite of mine for Italian food. The quality of food here is phenomenal and very filling! 

The gnocchi is cooked perfectly and very flavorful. The Linguine di Mare is the winner for me here. Huge plate filled with clams and shrimp and pieces of lobster. Absolutely delicious and a gold mine for seafood lovers! 

My boyfriend and I had the Chocolate Zuccotto cake here and it was incredible. Layer after layer of chocolate although not too sweet, it was perfectly glanced and not overwhelming. 

The only tick I have with Maggiano's is that they don't know how to do reservations correctly. I have reserved here twice only to show up and be told a 15 minute wait time that turns out to be 30 minutes. 

I understand that the restaurant is busy, but the point of a reservation is to have the table ready to go by the promised time. Service is absolutely everything and Maggiano's outperforms in other every are of service except their reservations. It gives you a bad start to your experience and it could very easily be avoided by making reservations effective."
jYnkJR3T8yCERXywoVhWYA,Hugo,48,7/6/10,"hkXekeW_Jj6mIy8r8N7r1Q, dQDpV-VUtwYGqHznuRV-yw, Ez7Hve1SaSrCjzl0km5XEA, DVCo_LH2Etu_aAtI9I6vkA, XdnOP1pKEzrPcoV-ZXvSxw, fxvgztSr1DHA869YNGsMtQ, Vs3bPoc5mWqruxg61-XCsg, Xs0vCG3OyIKDP6lD2CeWRA, fU0C1L08LX7FIO8Y3GgWcQ, Dq4I_hs1mNUA0SyzqwfI_w, iev9kF-VpBf9BYkPXwNjtQ, ZT80XHJibHLqiSdfhecYxA, 6Ni3lsxF5syVjTn3Mpxi1g, q0ol92YKdF7L_-s2g5kfAw, xD12J7t1DJemC0PnAOZMRw, WV9-UMmYEq9pvDCbKYuF4A, ZAJBIWvMdEReTIBaNO2zzw, gTtJ2w6cFA9UwipW7v6atQ, YDNK3hTEJSaAfzYubSFPCA, mPyb1bL-aeaiidA1O1gEiQ, -Zv99SCrzejB3-Eelvqyfw, QqZSAYcPWqCEf2hWjFrBVw, XH5drM54jTK_-fbPLJut9w, GKsfhVZYb6JGQOQaaHnIdw, 5yLQ3_Ea_qX7mBCkizgZyA, woHiZYXhcIaDTNRUX5RGUA, XgvdbQk13DSOp5TUoVPdHQ, bP37V2AsgKWtdeMRAa9nig, 9O1cTap-XLI5nO-JHj6TxQ, B5RmV5LhA3R4J0RsyqR70g, qcIKXuGxhtuEnWLzJoGydA, srOeMfwyrcwEJbdFdMRrWQ, iSktH80fgzVLptg9Ep1LiA, mY5JVfJfQN_yzWEsFU0QGQ, 7sERe-EmH5VMk_NnL8cRFg, sQ-r-Bs1MEqudkQt3P77BA, 2f6OJCQClEhHrzUb6qExJQ, VeTGif4-r1auFE4FUOZW7w, ae6aCtSLDo2ysR1kQLtRaQ, 98W_eoy2FGcz5D2s33Fhkg, 7GRml4yE0k__Gfb6FtTtUg, qHYQb3-pV1JpqyWcIkkwjQ, NTLjNHiZuHHGANQ1u2MJyg, 581w9_8Upftg9Htd1-ohKA, 1AWoP8Nhb13k9xxh3W4nVA, Los1p8wph9TbkU9T0Bo8eQ, 3gbDAW9yeEWsTgbrH0MmXw, XwyFeLJhhAPvMIOaZ07C7g, qVA8sxRL6EbAL2C0srCDvg, gHLqL38fdykytgKH-G3FSw, 88qKciYUsQEmzx8Kw7-FBg, CV-Pc9io9BgsLhD4aOu9Zg, uDqTrM55zgyUBPzRVpn8uA, f8skrxyB4dFKq0-eFYt0og, BJGigaqQf6Q_KEtBjM29rg, lc0_H1lq4iFnhKMDmrGpJw, VwdiLnFD8kG9ZhNY1ITPEA, 4_mipJGGJ2TRy2uAI9SC5A, 93R7AeqerA0b4tuivx-36w, AwLgRpWdYCM1_JgAze_qsA, zZoSBcoN5J8FRPf5lKVZww, 25WwoIK8D3L_i63CI2bslQ, Rxz-K72jZ2yNTV3YI5rjyQ, 62Fq2i4lKCO8ucTFNG370w, hqMCM9L_L47WCmidyKYGkw, k5xCuNNwdfpYdsu5PObAOw, lGMpjdxcbCW5vGi9B2a0Kg, 7v9U0o2do5p0ITFUc_qKNw, 9lWKp5EIovVlCWH1wC7Oeg, _-XChTHLoOnlxB_cmYPLZg, bmHmlYJ3kKXdp3_zMXNyrg, DaxCOBl91VcScCJKK9Gwkw, nIod29HbvjRPSO4T-va3bQ, E_EtI0ylBSsGRq-AiRcxkw, 0wXNILLfalmhRVNIVzVVVA, HDPWfls1uO9fxUGwLndOwg, u6cO2x5vr6-9EKDCQ0oSMA, Er6TEjSMmmMD8ipp-kFTEA, jaOjRguj5zbUyVS_HFIkkw, Jt4F8KXvz_iBDeuKb7kBHw, 16xi58yj4HLXLRfTaBcadw, K3ybII2YaLq2fFOvZEFLgA, Dfg975sbdZa0CFzdl3Ok0w, hqrU3hLAl46XiYBdbdXang, 6gkcFnXsA9z4IKJTWpylcQ, oP7sipRK2qEZ9XZnflHh9g, CTByzVUUHWdsNqFCA3zoAQ, TIJ5bk0SIoCLqWSQThnx4A, 5INuiPFd6GhQQVWqfrsoHQ, YwCwGO_lyv7vv2DoqeFjCA, DvZqzG4MBXhevnI3-X1QMQ, otYQmnY-MREpT6cb6DYDag, 4SN72FgmpS_yg4rdjmfFzw, ccB2D20bXGRnEH0G09Y34A, zpqQv4iOLa9xKOVVHSpl-Q, medyEUR367ee6vOyCJNQMw, EtpCxP7RrK2S5K3rQZL3hA, YLExs45PQ2M6Flmjir3sFQ, e6iCOIhtupBCiw-VwBvJ4A, MB7XBiV2Sewriw34xP7Qlg, xOwAGKMV7OFQYEb46W6OXw, ulKv4RvqvDRvqbstdY2aQQ, 6mYg8PDu6EJ1vikjKkmj3w, Y6bVSBO_Ph6KlBU1Oo_J3A, 2p50wcLD1miyLKPOP2xqHQ, aGsvXWjctthztY68G21OiA, c1IGa_o7si33CDIv-L6wbw, KK4d66rvmksrtAkis6XGqw, ijiskRtiHkSz0aq91g90hw, n77C6-mAZoKNu9_44ugFEQ, Gc9mSOvUcA7BrMUh7h7naQ, 1ZIQ2C_EUSTZSyK-APFwvA, ONtavYgpScFClzuTUVnRXA, ExuBKYdzYSvnvQE5QwYjZw, pusUMAm0_Y-oT5Rk93bj2w, DCek5_94seyPdl4QGtlKmw, c-kOt8fG1bx-JfYd0GRFFw, YaQVD-VkxMzhBsW6b-n_Vw, Ha9LtFuJlvMnE3YTXcHrrA, tuP1LQoQtTOV_P95Gy9w0A, 3KG84QgF_5lzW1uDMJOghw, veW3Uy_VjAK4Fmynwh-G_g, qQnmIgx9utR29rS56Rgq-Q, i9WwhhIv6dHZsmkmpDVDkA, MnTGU42t9X8S6wJv05mzlw, NefCtqzI3t0lnXGz9UDjgQ, PcvbBOCOcs6_suRDH7TSTg, d5zRPb1dUGNeoXBxmPY7VA, sWv6uKChsDtB4s9H3DujQw, dPYiMpx5AMuI0jeTITGsKg, wnxS4J6XD3-YrLroQV0Ouw, jdEXcBMtNYZ_-PzKZnI8qQ, 7D3yq3x-Dv5SbJ3vGIpJsQ, xz762kpjXUwPajeZCEXbxQ, PhwfmHJG1LXnddXdK6zbhQ, 7X3lImhKeTfyO0iXgiVUuw, UOP2bUqlhL9aDSeVRgCjTg, QIys2vlDprWvWKJp4JBBZQ, fEgcv6HwG-nkqwr4W7uSiw, DKnS5_NC9t9Y9ZsLxCiXDQ, bwZUw2ABFwgztXzPio8yLg, 7nuPhTTp3Bv9X2NLZPsDEw, 5yD_YDdPP_UE28pu_cxbOQ, jfDzpog_T21NMLac4JO_fA, mk1TEqWCSMPT100EeXLuiA, GStb0h5FzizgiWvral-zaQ, ILA6b9FOlIlZI53N23LXPQ, q75CUQzdvk2N1YcGL--kKg, bL1w62zIAt-MOEIpeL30MQ, QnsGDw5tfM1e7BmGjeplFg, BWxMCD34Cgef2DR8rJz8Zw, i28kp8Mx3KAgGYHe8TlsAA, 9J5warf8pd4AIFFjClzyZA, DtJuu-ezUDi4mP_wdbDGXw, 4ujUS1ZizNFU1N7OewUuNQ, JGYhs2HTzCRWiIDc4iX37w, 12Nu95iFFE1AayIFIRbWNw, NwdKv-KBI7OxeWBdpIsfmA, wLWVT3EMRgYSAWVNynHgJg, werhtj6NysS7EEoYkwFKsw, FUuYQyzWRBK7HvOAZ_s1sQ, dMqLJy8J1a8VpOdcD3bpNw, 1_kItPCk4e-VtYUUg9iiKg, R16IamdyEKHmjgGeRW_RZA, itdkCTzLm6eIjEBlz4_Ysw, RTT4Nua0c18673pt8LHfCA, OkqWDEqIHYyN7QKSeKiZ8A, WUTizWBgngFcNdVZwZLYJg, KedbQJ4Ax1ZhCGG6vaL_mA, DbH3pEiezWfHJJeqFFN3kg, HlX9ui1cllC0fSUcsd5rfg, d30seQvrukI7m_zF6xnB5Q, kyu8XmdRqOUYCK5BWuvzHw, gU843PPGS_S5VxS111BPrw, Jv2YPjBe8MlzneyyRNBX9g, v3O6ka--Gus4FfJvk4tgeg, cQKMYxgv1VZ1eanb7RuTOg, urMngjIG5D8Xde67j3AqSg, qKaIYWKtFV-HglhyEYHiCw, keDv6e99O6IjAEVRrQYCXw, FDuoN8cpcI8y2DBIUoMn4A, GyerAa1FjB8tzbaYS5DHxw, rur8m29F4hCIHahcI_hVRg, SCxM2dAT1vby-eDdOIRcrg, cgLZMfixIeOMskVT_DG-Vg, yNgFKgeqZlqa7E7aDVVwug, MZCtRLrvYVeb67mu_4qmJA, SeVCpoF59lyhZbS_QgokGg, nWIbPo8flL2exTGgnq1kFQ, f4DekkmSsrzG3xsgTZWpNw, jpRFWQLrPnCQN5FThm7T4w, 6JPLsTTLC_PbpGOok-2vPg, Gv8de4zfDSlWv5mMX6-5Iw, 3AJ0DM44yZF2wEYsauCzxg, kKdQq0PAUYhjdeqpYy9DDw, pY4gYV4MTYjhbRQgVOdgzw, CnweCjeKquVM69hwD20PiA, XVVylGn6B-gLcnx33ZinEQ, 50ZW-hlJLS2P8KhPHaUb3A, AFSZUj0n4Ip7SkR55fqKYA, _fcNSAsAmUkgBDeNR3HjLQ, 0UorZ4DbUbOHRPYCrBIVuA, x09u-JslHobIbigUH2embw, zxyrrMTcg7J5wEjNcMZe-Q, VvEpuhYDzK2WLB6_fI0wiw, XEQ-navOBxcqVUG7ECznng, ctiOS-ctXFT53Qr-urdgSA, uE2QOkUfhGcS_JaJtTihcw, 2MxSRdhGGE_OFxiwOa6MJg, MuWbjxrFbRe-Q2XopA9jbg, CMx6QMkOdISMHauo0_01Kw, MEFFQMWgY_HwHsiXqneAmg, H9CDh_DTZuwNwKJ4I2j_PA, 7bcqcIA5AxkuKm3HTZy3KA, IyRWeRAdNzAW0ElK4mtP4A, EWLy2zDf23tk9UjVWpM5qA, dAhoBKucZQRvH32zThaqWw, kQJCAryAbOfrX0YEfAYdKw, ESFq49VT1B_17pXuaHjo4g, qUUZjGCiac1HJ-3sRQlyYA, aLVSgCZyFKsznVWgWLXIFg, amzRAQz3Lwmj6DDhSjBTqg, nuEqfP8cTtNOHpQszmPB4A, RFp3SokSdMfp4v7H1Xxwyg, KsejYNlHn-SIRzscyj61bg, -E5UK5GHbm0wqvzjnelZpQ, LP883AysBJqOAIzQnIvqnA, KzM3xWMrKKaUOvT61jMVHA, ZmEodldPnhcATYZ3_GitYg, wHUtm6qJigHjaUQ0FMEtXQ, M-Twq94ErAGBu8sBGFSgjQ, NYJsOaLwM8M62mGU2093kg, hNqsXsgJVSi4bDF9ZuB9LA, yARkJnwiWqQCcj7FJekykA, y55xsRfi8Nm2GUy_NBXngQ, wejFVuSYYeMUsjknUEagSQ, oMtOsVPgFCwlNuoG9ObdpQ, fHZvRf1M0Yy45eUbph_9qQ, k7NUYwXyUMOBBdoYCE2fvA, f5_fgXqDhu-9xvAXUEe2Kw, DilnrtPdCWQDa-B5_xo76g, tBtqdCZiP7c05sLGJ9-0IA, P-u_G_j9nli50KWe0l7pWw, 7tt0GESNpb8e0QzeT8o2TA, iNh-BlDsk6PkHbcHzZ6_xw, aRAEXdsdZshvpVFWl7ET5Q, aKLvRXvvb-3TP6TkC2v4Xw, 8lrJHzUFvya5RZSYFne25A, aEy43k3P3bLbArVSik2-Gg, PGKf36-iWwBiUb9SFkBofg, NTAvra_vBzE_osu-PY2OKQ, BypPeNocSpIJ6lCN_djPQA, 3zn38b0FhirUpFY6dLGA1Q, ztaxKl8RcTRyOTMEYbC8JQ, pbInt8IO-oINljlZAuLGyg, 5NcCIdqOQ1AfylvmT-lqog, ssUr8Ar5o3lzFvYPmcZnZA, dMaL9zSAHUYd7cxD2lxveA, C3gYiouzQCAzVElqzYzmEw, K6HKJVxXzlwbASNmI61WLA, UStKXLqnYWVABhdRDMwniA, Q_dYZNhtGLhMuh-TaOfRew, bX8zH6DMvwenG4n_2jszsw",A1n29FU6Se1MGYTVbYjztg,ALwfJk1g56dz8ehgYJNrdg,5,7/24/11,"Very good pizza! 2 huge slices and a drink for $4.50, perfect deal. 
The pizza is delicious, thin crust, and the pepperoni tastes delicious!!! 
Great place to get quick lunch."
jYnkJR3T8yCERXywoVhWYA,Hugo,48,7/6/10,"hkXekeW_Jj6mIy8r8N7r1Q, dQDpV-VUtwYGqHznuRV-yw, Ez7Hve1SaSrCjzl0km5XEA, DVCo_LH2Etu_aAtI9I6vkA, XdnOP1pKEzrPcoV-ZXvSxw, fxvgztSr1DHA869YNGsMtQ, Vs3bPoc5mWqruxg61-XCsg, Xs0vCG3OyIKDP6lD2CeWRA, fU0C1L08LX7FIO8Y3GgWcQ, Dq4I_hs1mNUA0SyzqwfI_w, iev9kF-VpBf9BYkPXwNjtQ, ZT80XHJibHLqiSdfhecYxA, 6Ni3lsxF5syVjTn3Mpxi1g, q0ol92YKdF7L_-s2g5kfAw, xD12J7t1DJemC0PnAOZMRw, WV9-UMmYEq9pvDCbKYuF4A, ZAJBIWvMdEReTIBaNO2zzw, gTtJ2w6cFA9UwipW7v6atQ, YDNK3hTEJSaAfzYubSFPCA, mPyb1bL-aeaiidA1O1gEiQ, -Zv99SCrzejB3-Eelvqyfw, QqZSAYcPWqCEf2hWjFrBVw, XH5drM54jTK_-fbPLJut9w, GKsfhVZYb6JGQOQaaHnIdw, 5yLQ3_Ea_qX7mBCkizgZyA, woHiZYXhcIaDTNRUX5RGUA, XgvdbQk13DSOp5TUoVPdHQ, bP37V2AsgKWtdeMRAa9nig, 9O1cTap-XLI5nO-JHj6TxQ, B5RmV5LhA3R4J0RsyqR70g, qcIKXuGxhtuEnWLzJoGydA, srOeMfwyrcwEJbdFdMRrWQ, iSktH80fgzVLptg9Ep1LiA, mY5JVfJfQN_yzWEsFU0QGQ, 7sERe-EmH5VMk_NnL8cRFg, sQ-r-Bs1MEqudkQt3P77BA, 2f6OJCQClEhHrzUb6qExJQ, VeTGif4-r1auFE4FUOZW7w, ae6aCtSLDo2ysR1kQLtRaQ, 98W_eoy2FGcz5D2s33Fhkg, 7GRml4yE0k__Gfb6FtTtUg, qHYQb3-pV1JpqyWcIkkwjQ, NTLjNHiZuHHGANQ1u2MJyg, 581w9_8Upftg9Htd1-ohKA, 1AWoP8Nhb13k9xxh3W4nVA, Los1p8wph9TbkU9T0Bo8eQ, 3gbDAW9yeEWsTgbrH0MmXw, XwyFeLJhhAPvMIOaZ07C7g, qVA8sxRL6EbAL2C0srCDvg, gHLqL38fdykytgKH-G3FSw, 88qKciYUsQEmzx8Kw7-FBg, CV-Pc9io9BgsLhD4aOu9Zg, uDqTrM55zgyUBPzRVpn8uA, f8skrxyB4dFKq0-eFYt0og, BJGigaqQf6Q_KEtBjM29rg, lc0_H1lq4iFnhKMDmrGpJw, VwdiLnFD8kG9ZhNY1ITPEA, 4_mipJGGJ2TRy2uAI9SC5A, 93R7AeqerA0b4tuivx-36w, AwLgRpWdYCM1_JgAze_qsA, zZoSBcoN5J8FRPf5lKVZww, 25WwoIK8D3L_i63CI2bslQ, Rxz-K72jZ2yNTV3YI5rjyQ, 62Fq2i4lKCO8ucTFNG370w, hqMCM9L_L47WCmidyKYGkw, k5xCuNNwdfpYdsu5PObAOw, lGMpjdxcbCW5vGi9B2a0Kg, 7v9U0o2do5p0ITFUc_qKNw, 9lWKp5EIovVlCWH1wC7Oeg, _-XChTHLoOnlxB_cmYPLZg, bmHmlYJ3kKXdp3_zMXNyrg, DaxCOBl91VcScCJKK9Gwkw, nIod29HbvjRPSO4T-va3bQ, E_EtI0ylBSsGRq-AiRcxkw, 0wXNILLfalmhRVNIVzVVVA, HDPWfls1uO9fxUGwLndOwg, u6cO2x5vr6-9EKDCQ0oSMA, Er6TEjSMmmMD8ipp-kFTEA, jaOjRguj5zbUyVS_HFIkkw, Jt4F8KXvz_iBDeuKb7kBHw, 16xi58yj4HLXLRfTaBcadw, K3ybII2YaLq2fFOvZEFLgA, Dfg975sbdZa0CFzdl3Ok0w, hqrU3hLAl46XiYBdbdXang, 6gkcFnXsA9z4IKJTWpylcQ, oP7sipRK2qEZ9XZnflHh9g, CTByzVUUHWdsNqFCA3zoAQ, TIJ5bk0SIoCLqWSQThnx4A, 5INuiPFd6GhQQVWqfrsoHQ, YwCwGO_lyv7vv2DoqeFjCA, DvZqzG4MBXhevnI3-X1QMQ, otYQmnY-MREpT6cb6DYDag, 4SN72FgmpS_yg4rdjmfFzw, ccB2D20bXGRnEH0G09Y34A, zpqQv4iOLa9xKOVVHSpl-Q, medyEUR367ee6vOyCJNQMw, EtpCxP7RrK2S5K3rQZL3hA, YLExs45PQ2M6Flmjir3sFQ, e6iCOIhtupBCiw-VwBvJ4A, MB7XBiV2Sewriw34xP7Qlg, xOwAGKMV7OFQYEb46W6OXw, ulKv4RvqvDRvqbstdY2aQQ, 6mYg8PDu6EJ1vikjKkmj3w, Y6bVSBO_Ph6KlBU1Oo_J3A, 2p50wcLD1miyLKPOP2xqHQ, aGsvXWjctthztY68G21OiA, c1IGa_o7si33CDIv-L6wbw, KK4d66rvmksrtAkis6XGqw, ijiskRtiHkSz0aq91g90hw, n77C6-mAZoKNu9_44ugFEQ, Gc9mSOvUcA7BrMUh7h7naQ, 1ZIQ2C_EUSTZSyK-APFwvA, ONtavYgpScFClzuTUVnRXA, ExuBKYdzYSvnvQE5QwYjZw, pusUMAm0_Y-oT5Rk93bj2w, DCek5_94seyPdl4QGtlKmw, c-kOt8fG1bx-JfYd0GRFFw, YaQVD-VkxMzhBsW6b-n_Vw, Ha9LtFuJlvMnE3YTXcHrrA, tuP1LQoQtTOV_P95Gy9w0A, 3KG84QgF_5lzW1uDMJOghw, veW3Uy_VjAK4Fmynwh-G_g, qQnmIgx9utR29rS56Rgq-Q, i9WwhhIv6dHZsmkmpDVDkA, MnTGU42t9X8S6wJv05mzlw, NefCtqzI3t0lnXGz9UDjgQ, PcvbBOCOcs6_suRDH7TSTg, d5zRPb1dUGNeoXBxmPY7VA, sWv6uKChsDtB4s9H3DujQw, dPYiMpx5AMuI0jeTITGsKg, wnxS4J6XD3-YrLroQV0Ouw, jdEXcBMtNYZ_-PzKZnI8qQ, 7D3yq3x-Dv5SbJ3vGIpJsQ, xz762kpjXUwPajeZCEXbxQ, PhwfmHJG1LXnddXdK6zbhQ, 7X3lImhKeTfyO0iXgiVUuw, UOP2bUqlhL9aDSeVRgCjTg, QIys2vlDprWvWKJp4JBBZQ, fEgcv6HwG-nkqwr4W7uSiw, DKnS5_NC9t9Y9ZsLxCiXDQ, bwZUw2ABFwgztXzPio8yLg, 7nuPhTTp3Bv9X2NLZPsDEw, 5yD_YDdPP_UE28pu_cxbOQ, jfDzpog_T21NMLac4JO_fA, mk1TEqWCSMPT100EeXLuiA, GStb0h5FzizgiWvral-zaQ, ILA6b9FOlIlZI53N23LXPQ, q75CUQzdvk2N1YcGL--kKg, bL1w62zIAt-MOEIpeL30MQ, QnsGDw5tfM1e7BmGjeplFg, BWxMCD34Cgef2DR8rJz8Zw, i28kp8Mx3KAgGYHe8TlsAA, 9J5warf8pd4AIFFjClzyZA, DtJuu-ezUDi4mP_wdbDGXw, 4ujUS1ZizNFU1N7OewUuNQ, JGYhs2HTzCRWiIDc4iX37w, 12Nu95iFFE1AayIFIRbWNw, NwdKv-KBI7OxeWBdpIsfmA, wLWVT3EMRgYSAWVNynHgJg, werhtj6NysS7EEoYkwFKsw, FUuYQyzWRBK7HvOAZ_s1sQ, dMqLJy8J1a8VpOdcD3bpNw, 1_kItPCk4e-VtYUUg9iiKg, R16IamdyEKHmjgGeRW_RZA, itdkCTzLm6eIjEBlz4_Ysw, RTT4Nua0c18673pt8LHfCA, OkqWDEqIHYyN7QKSeKiZ8A, WUTizWBgngFcNdVZwZLYJg, KedbQJ4Ax1ZhCGG6vaL_mA, DbH3pEiezWfHJJeqFFN3kg, HlX9ui1cllC0fSUcsd5rfg, d30seQvrukI7m_zF6xnB5Q, kyu8XmdRqOUYCK5BWuvzHw, gU843PPGS_S5VxS111BPrw, Jv2YPjBe8MlzneyyRNBX9g, v3O6ka--Gus4FfJvk4tgeg, cQKMYxgv1VZ1eanb7RuTOg, urMngjIG5D8Xde67j3AqSg, qKaIYWKtFV-HglhyEYHiCw, keDv6e99O6IjAEVRrQYCXw, FDuoN8cpcI8y2DBIUoMn4A, GyerAa1FjB8tzbaYS5DHxw, rur8m29F4hCIHahcI_hVRg, SCxM2dAT1vby-eDdOIRcrg, cgLZMfixIeOMskVT_DG-Vg, yNgFKgeqZlqa7E7aDVVwug, MZCtRLrvYVeb67mu_4qmJA, SeVCpoF59lyhZbS_QgokGg, nWIbPo8flL2exTGgnq1kFQ, f4DekkmSsrzG3xsgTZWpNw, jpRFWQLrPnCQN5FThm7T4w, 6JPLsTTLC_PbpGOok-2vPg, Gv8de4zfDSlWv5mMX6-5Iw, 3AJ0DM44yZF2wEYsauCzxg, kKdQq0PAUYhjdeqpYy9DDw, pY4gYV4MTYjhbRQgVOdgzw, CnweCjeKquVM69hwD20PiA, XVVylGn6B-gLcnx33ZinEQ, 50ZW-hlJLS2P8KhPHaUb3A, AFSZUj0n4Ip7SkR55fqKYA, _fcNSAsAmUkgBDeNR3HjLQ, 0UorZ4DbUbOHRPYCrBIVuA, x09u-JslHobIbigUH2embw, zxyrrMTcg7J5wEjNcMZe-Q, VvEpuhYDzK2WLB6_fI0wiw, XEQ-navOBxcqVUG7ECznng, ctiOS-ctXFT53Qr-urdgSA, uE2QOkUfhGcS_JaJtTihcw, 2MxSRdhGGE_OFxiwOa6MJg, MuWbjxrFbRe-Q2XopA9jbg, CMx6QMkOdISMHauo0_01Kw, MEFFQMWgY_HwHsiXqneAmg, H9CDh_DTZuwNwKJ4I2j_PA, 7bcqcIA5AxkuKm3HTZy3KA, IyRWeRAdNzAW0ElK4mtP4A, EWLy2zDf23tk9UjVWpM5qA, dAhoBKucZQRvH32zThaqWw, kQJCAryAbOfrX0YEfAYdKw, ESFq49VT1B_17pXuaHjo4g, qUUZjGCiac1HJ-3sRQlyYA, aLVSgCZyFKsznVWgWLXIFg, amzRAQz3Lwmj6DDhSjBTqg, nuEqfP8cTtNOHpQszmPB4A, RFp3SokSdMfp4v7H1Xxwyg, KsejYNlHn-SIRzscyj61bg, -E5UK5GHbm0wqvzjnelZpQ, LP883AysBJqOAIzQnIvqnA, KzM3xWMrKKaUOvT61jMVHA, ZmEodldPnhcATYZ3_GitYg, wHUtm6qJigHjaUQ0FMEtXQ, M-Twq94ErAGBu8sBGFSgjQ, NYJsOaLwM8M62mGU2093kg, hNqsXsgJVSi4bDF9ZuB9LA, yARkJnwiWqQCcj7FJekykA, y55xsRfi8Nm2GUy_NBXngQ, wejFVuSYYeMUsjknUEagSQ, oMtOsVPgFCwlNuoG9ObdpQ, fHZvRf1M0Yy45eUbph_9qQ, k7NUYwXyUMOBBdoYCE2fvA, f5_fgXqDhu-9xvAXUEe2Kw, DilnrtPdCWQDa-B5_xo76g, tBtqdCZiP7c05sLGJ9-0IA, P-u_G_j9nli50KWe0l7pWw, 7tt0GESNpb8e0QzeT8o2TA, iNh-BlDsk6PkHbcHzZ6_xw, aRAEXdsdZshvpVFWl7ET5Q, aKLvRXvvb-3TP6TkC2v4Xw, 8lrJHzUFvya5RZSYFne25A, aEy43k3P3bLbArVSik2-Gg, PGKf36-iWwBiUb9SFkBofg, NTAvra_vBzE_osu-PY2OKQ, BypPeNocSpIJ6lCN_djPQA, 3zn38b0FhirUpFY6dLGA1Q, ztaxKl8RcTRyOTMEYbC8JQ, pbInt8IO-oINljlZAuLGyg, 5NcCIdqOQ1AfylvmT-lqog, ssUr8Ar5o3lzFvYPmcZnZA, dMaL9zSAHUYd7cxD2lxveA, C3gYiouzQCAzVElqzYzmEw, K6HKJVxXzlwbASNmI61WLA, UStKXLqnYWVABhdRDMwniA, Q_dYZNhtGLhMuh-TaOfRew, bX8zH6DMvwenG4n_2jszsw",XM0txerDtjdZdkh_HQ9wxQ,HshPHJ-OJ0rpVR-okV55Rg,2,2/13/17,"BLEH. That's really all to say about Someburros. 

The only reason I came to this place was because of an unused gift card that I had for over a year. I ordered a common Mexican food item: a carne asada burrito. 

The steak was bland, the salsa was okay. I think the only good thing about this place was the chips. 

Save your time and money and take your business elsewhere. This is a very mediocre Mexican food restaurant that I am not even sure how it stays in business."
jYnkJR3T8yCERXywoVhWYA,Hugo,48,7/6/10,"hkXekeW_Jj6mIy8r8N7r1Q, dQDpV-VUtwYGqHznuRV-yw, Ez7Hve1SaSrCjzl0km5XEA, DVCo_LH2Etu_aAtI9I6vkA, XdnOP1pKEzrPcoV-ZXvSxw, fxvgztSr1DHA869YNGsMtQ, Vs3bPoc5mWqruxg61-XCsg, Xs0vCG3OyIKDP6lD2CeWRA, fU0C1L08LX7FIO8Y3GgWcQ, Dq4I_hs1mNUA0SyzqwfI_w, iev9kF-VpBf9BYkPXwNjtQ, ZT80XHJibHLqiSdfhecYxA, 6Ni3lsxF5syVjTn3Mpxi1g, q0ol92YKdF7L_-s2g5kfAw, xD12J7t1DJemC0PnAOZMRw, WV9-UMmYEq9pvDCbKYuF4A, ZAJBIWvMdEReTIBaNO2zzw, gTtJ2w6cFA9UwipW7v6atQ, YDNK3hTEJSaAfzYubSFPCA, mPyb1bL-aeaiidA1O1gEiQ, -Zv99SCrzejB3-Eelvqyfw, QqZSAYcPWqCEf2hWjFrBVw, XH5drM54jTK_-fbPLJut9w, GKsfhVZYb6JGQOQaaHnIdw, 5yLQ3_Ea_qX7mBCkizgZyA, woHiZYXhcIaDTNRUX5RGUA, XgvdbQk13DSOp5TUoVPdHQ, bP37V2AsgKWtdeMRAa9nig, 9O1cTap-XLI5nO-JHj6TxQ, B5RmV5LhA3R4J0RsyqR70g, qcIKXuGxhtuEnWLzJoGydA, srOeMfwyrcwEJbdFdMRrWQ, iSktH80fgzVLptg9Ep1LiA, mY5JVfJfQN_yzWEsFU0QGQ, 7sERe-EmH5VMk_NnL8cRFg, sQ-r-Bs1MEqudkQt3P77BA, 2f6OJCQClEhHrzUb6qExJQ, VeTGif4-r1auFE4FUOZW7w, ae6aCtSLDo2ysR1kQLtRaQ, 98W_eoy2FGcz5D2s33Fhkg, 7GRml4yE0k__Gfb6FtTtUg, qHYQb3-pV1JpqyWcIkkwjQ, NTLjNHiZuHHGANQ1u2MJyg, 581w9_8Upftg9Htd1-ohKA, 1AWoP8Nhb13k9xxh3W4nVA, Los1p8wph9TbkU9T0Bo8eQ, 3gbDAW9yeEWsTgbrH0MmXw, XwyFeLJhhAPvMIOaZ07C7g, qVA8sxRL6EbAL2C0srCDvg, gHLqL38fdykytgKH-G3FSw, 88qKciYUsQEmzx8Kw7-FBg, CV-Pc9io9BgsLhD4aOu9Zg, uDqTrM55zgyUBPzRVpn8uA, f8skrxyB4dFKq0-eFYt0og, BJGigaqQf6Q_KEtBjM29rg, lc0_H1lq4iFnhKMDmrGpJw, VwdiLnFD8kG9ZhNY1ITPEA, 4_mipJGGJ2TRy2uAI9SC5A, 93R7AeqerA0b4tuivx-36w, AwLgRpWdYCM1_JgAze_qsA, zZoSBcoN5J8FRPf5lKVZww, 25WwoIK8D3L_i63CI2bslQ, Rxz-K72jZ2yNTV3YI5rjyQ, 62Fq2i4lKCO8ucTFNG370w, hqMCM9L_L47WCmidyKYGkw, k5xCuNNwdfpYdsu5PObAOw, lGMpjdxcbCW5vGi9B2a0Kg, 7v9U0o2do5p0ITFUc_qKNw, 9lWKp5EIovVlCWH1wC7Oeg, _-XChTHLoOnlxB_cmYPLZg, bmHmlYJ3kKXdp3_zMXNyrg, DaxCOBl91VcScCJKK9Gwkw, nIod29HbvjRPSO4T-va3bQ, E_EtI0ylBSsGRq-AiRcxkw, 0wXNILLfalmhRVNIVzVVVA, HDPWfls1uO9fxUGwLndOwg, u6cO2x5vr6-9EKDCQ0oSMA, Er6TEjSMmmMD8ipp-kFTEA, jaOjRguj5zbUyVS_HFIkkw, Jt4F8KXvz_iBDeuKb7kBHw, 16xi58yj4HLXLRfTaBcadw, K3ybII2YaLq2fFOvZEFLgA, Dfg975sbdZa0CFzdl3Ok0w, hqrU3hLAl46XiYBdbdXang, 6gkcFnXsA9z4IKJTWpylcQ, oP7sipRK2qEZ9XZnflHh9g, CTByzVUUHWdsNqFCA3zoAQ, TIJ5bk0SIoCLqWSQThnx4A, 5INuiPFd6GhQQVWqfrsoHQ, YwCwGO_lyv7vv2DoqeFjCA, DvZqzG4MBXhevnI3-X1QMQ, otYQmnY-MREpT6cb6DYDag, 4SN72FgmpS_yg4rdjmfFzw, ccB2D20bXGRnEH0G09Y34A, zpqQv4iOLa9xKOVVHSpl-Q, medyEUR367ee6vOyCJNQMw, EtpCxP7RrK2S5K3rQZL3hA, YLExs45PQ2M6Flmjir3sFQ, e6iCOIhtupBCiw-VwBvJ4A, MB7XBiV2Sewriw34xP7Qlg, xOwAGKMV7OFQYEb46W6OXw, ulKv4RvqvDRvqbstdY2aQQ, 6mYg8PDu6EJ1vikjKkmj3w, Y6bVSBO_Ph6KlBU1Oo_J3A, 2p50wcLD1miyLKPOP2xqHQ, aGsvXWjctthztY68G21OiA, c1IGa_o7si33CDIv-L6wbw, KK4d66rvmksrtAkis6XGqw, ijiskRtiHkSz0aq91g90hw, n77C6-mAZoKNu9_44ugFEQ, Gc9mSOvUcA7BrMUh7h7naQ, 1ZIQ2C_EUSTZSyK-APFwvA, ONtavYgpScFClzuTUVnRXA, ExuBKYdzYSvnvQE5QwYjZw, pusUMAm0_Y-oT5Rk93bj2w, DCek5_94seyPdl4QGtlKmw, c-kOt8fG1bx-JfYd0GRFFw, YaQVD-VkxMzhBsW6b-n_Vw, Ha9LtFuJlvMnE3YTXcHrrA, tuP1LQoQtTOV_P95Gy9w0A, 3KG84QgF_5lzW1uDMJOghw, veW3Uy_VjAK4Fmynwh-G_g, qQnmIgx9utR29rS56Rgq-Q, i9WwhhIv6dHZsmkmpDVDkA, MnTGU42t9X8S6wJv05mzlw, NefCtqzI3t0lnXGz9UDjgQ, PcvbBOCOcs6_suRDH7TSTg, d5zRPb1dUGNeoXBxmPY7VA, sWv6uKChsDtB4s9H3DujQw, dPYiMpx5AMuI0jeTITGsKg, wnxS4J6XD3-YrLroQV0Ouw, jdEXcBMtNYZ_-PzKZnI8qQ, 7D3yq3x-Dv5SbJ3vGIpJsQ, xz762kpjXUwPajeZCEXbxQ, PhwfmHJG1LXnddXdK6zbhQ, 7X3lImhKeTfyO0iXgiVUuw, UOP2bUqlhL9aDSeVRgCjTg, QIys2vlDprWvWKJp4JBBZQ, fEgcv6HwG-nkqwr4W7uSiw, DKnS5_NC9t9Y9ZsLxCiXDQ, bwZUw2ABFwgztXzPio8yLg, 7nuPhTTp3Bv9X2NLZPsDEw, 5yD_YDdPP_UE28pu_cxbOQ, jfDzpog_T21NMLac4JO_fA, mk1TEqWCSMPT100EeXLuiA, GStb0h5FzizgiWvral-zaQ, ILA6b9FOlIlZI53N23LXPQ, q75CUQzdvk2N1YcGL--kKg, bL1w62zIAt-MOEIpeL30MQ, QnsGDw5tfM1e7BmGjeplFg, BWxMCD34Cgef2DR8rJz8Zw, i28kp8Mx3KAgGYHe8TlsAA, 9J5warf8pd4AIFFjClzyZA, DtJuu-ezUDi4mP_wdbDGXw, 4ujUS1ZizNFU1N7OewUuNQ, JGYhs2HTzCRWiIDc4iX37w, 12Nu95iFFE1AayIFIRbWNw, NwdKv-KBI7OxeWBdpIsfmA, wLWVT3EMRgYSAWVNynHgJg, werhtj6NysS7EEoYkwFKsw, FUuYQyzWRBK7HvOAZ_s1sQ, dMqLJy8J1a8VpOdcD3bpNw, 1_kItPCk4e-VtYUUg9iiKg, R16IamdyEKHmjgGeRW_RZA, itdkCTzLm6eIjEBlz4_Ysw, RTT4Nua0c18673pt8LHfCA, OkqWDEqIHYyN7QKSeKiZ8A, WUTizWBgngFcNdVZwZLYJg, KedbQJ4Ax1ZhCGG6vaL_mA, DbH3pEiezWfHJJeqFFN3kg, HlX9ui1cllC0fSUcsd5rfg, d30seQvrukI7m_zF6xnB5Q, kyu8XmdRqOUYCK5BWuvzHw, gU843PPGS_S5VxS111BPrw, Jv2YPjBe8MlzneyyRNBX9g, v3O6ka--Gus4FfJvk4tgeg, cQKMYxgv1VZ1eanb7RuTOg, urMngjIG5D8Xde67j3AqSg, qKaIYWKtFV-HglhyEYHiCw, keDv6e99O6IjAEVRrQYCXw, FDuoN8cpcI8y2DBIUoMn4A, GyerAa1FjB8tzbaYS5DHxw, rur8m29F4hCIHahcI_hVRg, SCxM2dAT1vby-eDdOIRcrg, cgLZMfixIeOMskVT_DG-Vg, yNgFKgeqZlqa7E7aDVVwug, MZCtRLrvYVeb67mu_4qmJA, SeVCpoF59lyhZbS_QgokGg, nWIbPo8flL2exTGgnq1kFQ, f4DekkmSsrzG3xsgTZWpNw, jpRFWQLrPnCQN5FThm7T4w, 6JPLsTTLC_PbpGOok-2vPg, Gv8de4zfDSlWv5mMX6-5Iw, 3AJ0DM44yZF2wEYsauCzxg, kKdQq0PAUYhjdeqpYy9DDw, pY4gYV4MTYjhbRQgVOdgzw, CnweCjeKquVM69hwD20PiA, XVVylGn6B-gLcnx33ZinEQ, 50ZW-hlJLS2P8KhPHaUb3A, AFSZUj0n4Ip7SkR55fqKYA, _fcNSAsAmUkgBDeNR3HjLQ, 0UorZ4DbUbOHRPYCrBIVuA, x09u-JslHobIbigUH2embw, zxyrrMTcg7J5wEjNcMZe-Q, VvEpuhYDzK2WLB6_fI0wiw, XEQ-navOBxcqVUG7ECznng, ctiOS-ctXFT53Qr-urdgSA, uE2QOkUfhGcS_JaJtTihcw, 2MxSRdhGGE_OFxiwOa6MJg, MuWbjxrFbRe-Q2XopA9jbg, CMx6QMkOdISMHauo0_01Kw, MEFFQMWgY_HwHsiXqneAmg, H9CDh_DTZuwNwKJ4I2j_PA, 7bcqcIA5AxkuKm3HTZy3KA, IyRWeRAdNzAW0ElK4mtP4A, EWLy2zDf23tk9UjVWpM5qA, dAhoBKucZQRvH32zThaqWw, kQJCAryAbOfrX0YEfAYdKw, ESFq49VT1B_17pXuaHjo4g, qUUZjGCiac1HJ-3sRQlyYA, aLVSgCZyFKsznVWgWLXIFg, amzRAQz3Lwmj6DDhSjBTqg, nuEqfP8cTtNOHpQszmPB4A, RFp3SokSdMfp4v7H1Xxwyg, KsejYNlHn-SIRzscyj61bg, -E5UK5GHbm0wqvzjnelZpQ, LP883AysBJqOAIzQnIvqnA, KzM3xWMrKKaUOvT61jMVHA, ZmEodldPnhcATYZ3_GitYg, wHUtm6qJigHjaUQ0FMEtXQ, M-Twq94ErAGBu8sBGFSgjQ, NYJsOaLwM8M62mGU2093kg, hNqsXsgJVSi4bDF9ZuB9LA, yARkJnwiWqQCcj7FJekykA, y55xsRfi8Nm2GUy_NBXngQ, wejFVuSYYeMUsjknUEagSQ, oMtOsVPgFCwlNuoG9ObdpQ, fHZvRf1M0Yy45eUbph_9qQ, k7NUYwXyUMOBBdoYCE2fvA, f5_fgXqDhu-9xvAXUEe2Kw, DilnrtPdCWQDa-B5_xo76g, tBtqdCZiP7c05sLGJ9-0IA, P-u_G_j9nli50KWe0l7pWw, 7tt0GESNpb8e0QzeT8o2TA, iNh-BlDsk6PkHbcHzZ6_xw, aRAEXdsdZshvpVFWl7ET5Q, aKLvRXvvb-3TP6TkC2v4Xw, 8lrJHzUFvya5RZSYFne25A, aEy43k3P3bLbArVSik2-Gg, PGKf36-iWwBiUb9SFkBofg, NTAvra_vBzE_osu-PY2OKQ, BypPeNocSpIJ6lCN_djPQA, 3zn38b0FhirUpFY6dLGA1Q, ztaxKl8RcTRyOTMEYbC8JQ, pbInt8IO-oINljlZAuLGyg, 5NcCIdqOQ1AfylvmT-lqog, ssUr8Ar5o3lzFvYPmcZnZA, dMaL9zSAHUYd7cxD2lxveA, C3gYiouzQCAzVElqzYzmEw, K6HKJVxXzlwbASNmI61WLA, UStKXLqnYWVABhdRDMwniA, Q_dYZNhtGLhMuh-TaOfRew, bX8zH6DMvwenG4n_2jszsw",Jozc7E1Ri6QZrhzeTtwI1w,_fmGmAJY2jXDRYZ9tEOLoA,2,7/24/11,"The place is pretty cool. They have a great selection of blunt wraps and teas. 

 The only thing that ticks me off is the ridiculous prices for glass that is just like any other. They have $50 pipes that you can seriously grab for around $18 at Herb N' Legend. I have to give this place 2 stars because of that. I won't be coming back anytime soon to buy any glass. I'll save my money and get better items."
jYnkJR3T8yCERXywoVhWYA,Hugo,48,7/6/10,"hkXekeW_Jj6mIy8r8N7r1Q, dQDpV-VUtwYGqHznuRV-yw, Ez7Hve1SaSrCjzl0km5XEA, DVCo_LH2Etu_aAtI9I6vkA, XdnOP1pKEzrPcoV-ZXvSxw, fxvgztSr1DHA869YNGsMtQ, Vs3bPoc5mWqruxg61-XCsg, Xs0vCG3OyIKDP6lD2CeWRA, fU0C1L08LX7FIO8Y3GgWcQ, Dq4I_hs1mNUA0SyzqwfI_w, iev9kF-VpBf9BYkPXwNjtQ, ZT80XHJibHLqiSdfhecYxA, 6Ni3lsxF5syVjTn3Mpxi1g, q0ol92YKdF7L_-s2g5kfAw, xD12J7t1DJemC0PnAOZMRw, WV9-UMmYEq9pvDCbKYuF4A, ZAJBIWvMdEReTIBaNO2zzw, gTtJ2w6cFA9UwipW7v6atQ, YDNK3hTEJSaAfzYubSFPCA, mPyb1bL-aeaiidA1O1gEiQ, -Zv99SCrzejB3-Eelvqyfw, QqZSAYcPWqCEf2hWjFrBVw, XH5drM54jTK_-fbPLJut9w, GKsfhVZYb6JGQOQaaHnIdw, 5yLQ3_Ea_qX7mBCkizgZyA, woHiZYXhcIaDTNRUX5RGUA, XgvdbQk13DSOp5TUoVPdHQ, bP37V2AsgKWtdeMRAa9nig, 9O1cTap-XLI5nO-JHj6TxQ, B5RmV5LhA3R4J0RsyqR70g, qcIKXuGxhtuEnWLzJoGydA, srOeMfwyrcwEJbdFdMRrWQ, iSktH80fgzVLptg9Ep1LiA, mY5JVfJfQN_yzWEsFU0QGQ, 7sERe-EmH5VMk_NnL8cRFg, sQ-r-Bs1MEqudkQt3P77BA, 2f6OJCQClEhHrzUb6qExJQ, VeTGif4-r1auFE4FUOZW7w, ae6aCtSLDo2ysR1kQLtRaQ, 98W_eoy2FGcz5D2s33Fhkg, 7GRml4yE0k__Gfb6FtTtUg, qHYQb3-pV1JpqyWcIkkwjQ, NTLjNHiZuHHGANQ1u2MJyg, 581w9_8Upftg9Htd1-ohKA, 1AWoP8Nhb13k9xxh3W4nVA, Los1p8wph9TbkU9T0Bo8eQ, 3gbDAW9yeEWsTgbrH0MmXw, XwyFeLJhhAPvMIOaZ07C7g, qVA8sxRL6EbAL2C0srCDvg, gHLqL38fdykytgKH-G3FSw, 88qKciYUsQEmzx8Kw7-FBg, CV-Pc9io9BgsLhD4aOu9Zg, uDqTrM55zgyUBPzRVpn8uA, f8skrxyB4dFKq0-eFYt0og, BJGigaqQf6Q_KEtBjM29rg, lc0_H1lq4iFnhKMDmrGpJw, VwdiLnFD8kG9ZhNY1ITPEA, 4_mipJGGJ2TRy2uAI9SC5A, 93R7AeqerA0b4tuivx-36w, AwLgRpWdYCM1_JgAze_qsA, zZoSBcoN5J8FRPf5lKVZww, 25WwoIK8D3L_i63CI2bslQ, Rxz-K72jZ2yNTV3YI5rjyQ, 62Fq2i4lKCO8ucTFNG370w, hqMCM9L_L47WCmidyKYGkw, k5xCuNNwdfpYdsu5PObAOw, lGMpjdxcbCW5vGi9B2a0Kg, 7v9U0o2do5p0ITFUc_qKNw, 9lWKp5EIovVlCWH1wC7Oeg, _-XChTHLoOnlxB_cmYPLZg, bmHmlYJ3kKXdp3_zMXNyrg, DaxCOBl91VcScCJKK9Gwkw, nIod29HbvjRPSO4T-va3bQ, E_EtI0ylBSsGRq-AiRcxkw, 0wXNILLfalmhRVNIVzVVVA, HDPWfls1uO9fxUGwLndOwg, u6cO2x5vr6-9EKDCQ0oSMA, Er6TEjSMmmMD8ipp-kFTEA, jaOjRguj5zbUyVS_HFIkkw, Jt4F8KXvz_iBDeuKb7kBHw, 16xi58yj4HLXLRfTaBcadw, K3ybII2YaLq2fFOvZEFLgA, Dfg975sbdZa0CFzdl3Ok0w, hqrU3hLAl46XiYBdbdXang, 6gkcFnXsA9z4IKJTWpylcQ, oP7sipRK2qEZ9XZnflHh9g, CTByzVUUHWdsNqFCA3zoAQ, TIJ5bk0SIoCLqWSQThnx4A, 5INuiPFd6GhQQVWqfrsoHQ, YwCwGO_lyv7vv2DoqeFjCA, DvZqzG4MBXhevnI3-X1QMQ, otYQmnY-MREpT6cb6DYDag, 4SN72FgmpS_yg4rdjmfFzw, ccB2D20bXGRnEH0G09Y34A, zpqQv4iOLa9xKOVVHSpl-Q, medyEUR367ee6vOyCJNQMw, EtpCxP7RrK2S5K3rQZL3hA, YLExs45PQ2M6Flmjir3sFQ, e6iCOIhtupBCiw-VwBvJ4A, MB7XBiV2Sewriw34xP7Qlg, xOwAGKMV7OFQYEb46W6OXw, ulKv4RvqvDRvqbstdY2aQQ, 6mYg8PDu6EJ1vikjKkmj3w, Y6bVSBO_Ph6KlBU1Oo_J3A, 2p50wcLD1miyLKPOP2xqHQ, aGsvXWjctthztY68G21OiA, c1IGa_o7si33CDIv-L6wbw, KK4d66rvmksrtAkis6XGqw, ijiskRtiHkSz0aq91g90hw, n77C6-mAZoKNu9_44ugFEQ, Gc9mSOvUcA7BrMUh7h7naQ, 1ZIQ2C_EUSTZSyK-APFwvA, ONtavYgpScFClzuTUVnRXA, ExuBKYdzYSvnvQE5QwYjZw, pusUMAm0_Y-oT5Rk93bj2w, DCek5_94seyPdl4QGtlKmw, c-kOt8fG1bx-JfYd0GRFFw, YaQVD-VkxMzhBsW6b-n_Vw, Ha9LtFuJlvMnE3YTXcHrrA, tuP1LQoQtTOV_P95Gy9w0A, 3KG84QgF_5lzW1uDMJOghw, veW3Uy_VjAK4Fmynwh-G_g, qQnmIgx9utR29rS56Rgq-Q, i9WwhhIv6dHZsmkmpDVDkA, MnTGU42t9X8S6wJv05mzlw, NefCtqzI3t0lnXGz9UDjgQ, PcvbBOCOcs6_suRDH7TSTg, d5zRPb1dUGNeoXBxmPY7VA, sWv6uKChsDtB4s9H3DujQw, dPYiMpx5AMuI0jeTITGsKg, wnxS4J6XD3-YrLroQV0Ouw, jdEXcBMtNYZ_-PzKZnI8qQ, 7D3yq3x-Dv5SbJ3vGIpJsQ, xz762kpjXUwPajeZCEXbxQ, PhwfmHJG1LXnddXdK6zbhQ, 7X3lImhKeTfyO0iXgiVUuw, UOP2bUqlhL9aDSeVRgCjTg, QIys2vlDprWvWKJp4JBBZQ, fEgcv6HwG-nkqwr4W7uSiw, DKnS5_NC9t9Y9ZsLxCiXDQ, bwZUw2ABFwgztXzPio8yLg, 7nuPhTTp3Bv9X2NLZPsDEw, 5yD_YDdPP_UE28pu_cxbOQ, jfDzpog_T21NMLac4JO_fA, mk1TEqWCSMPT100EeXLuiA, GStb0h5FzizgiWvral-zaQ, ILA6b9FOlIlZI53N23LXPQ, q75CUQzdvk2N1YcGL--kKg, bL1w62zIAt-MOEIpeL30MQ, QnsGDw5tfM1e7BmGjeplFg, BWxMCD34Cgef2DR8rJz8Zw, i28kp8Mx3KAgGYHe8TlsAA, 9J5warf8pd4AIFFjClzyZA, DtJuu-ezUDi4mP_wdbDGXw, 4ujUS1ZizNFU1N7OewUuNQ, JGYhs2HTzCRWiIDc4iX37w, 12Nu95iFFE1AayIFIRbWNw, NwdKv-KBI7OxeWBdpIsfmA, wLWVT3EMRgYSAWVNynHgJg, werhtj6NysS7EEoYkwFKsw, FUuYQyzWRBK7HvOAZ_s1sQ, dMqLJy8J1a8VpOdcD3bpNw, 1_kItPCk4e-VtYUUg9iiKg, R16IamdyEKHmjgGeRW_RZA, itdkCTzLm6eIjEBlz4_Ysw, RTT4Nua0c18673pt8LHfCA, OkqWDEqIHYyN7QKSeKiZ8A, WUTizWBgngFcNdVZwZLYJg, KedbQJ4Ax1ZhCGG6vaL_mA, DbH3pEiezWfHJJeqFFN3kg, HlX9ui1cllC0fSUcsd5rfg, d30seQvrukI7m_zF6xnB5Q, kyu8XmdRqOUYCK5BWuvzHw, gU843PPGS_S5VxS111BPrw, Jv2YPjBe8MlzneyyRNBX9g, v3O6ka--Gus4FfJvk4tgeg, cQKMYxgv1VZ1eanb7RuTOg, urMngjIG5D8Xde67j3AqSg, qKaIYWKtFV-HglhyEYHiCw, keDv6e99O6IjAEVRrQYCXw, FDuoN8cpcI8y2DBIUoMn4A, GyerAa1FjB8tzbaYS5DHxw, rur8m29F4hCIHahcI_hVRg, SCxM2dAT1vby-eDdOIRcrg, cgLZMfixIeOMskVT_DG-Vg, yNgFKgeqZlqa7E7aDVVwug, MZCtRLrvYVeb67mu_4qmJA, SeVCpoF59lyhZbS_QgokGg, nWIbPo8flL2exTGgnq1kFQ, f4DekkmSsrzG3xsgTZWpNw, jpRFWQLrPnCQN5FThm7T4w, 6JPLsTTLC_PbpGOok-2vPg, Gv8de4zfDSlWv5mMX6-5Iw, 3AJ0DM44yZF2wEYsauCzxg, kKdQq0PAUYhjdeqpYy9DDw, pY4gYV4MTYjhbRQgVOdgzw, CnweCjeKquVM69hwD20PiA, XVVylGn6B-gLcnx33ZinEQ, 50ZW-hlJLS2P8KhPHaUb3A, AFSZUj0n4Ip7SkR55fqKYA, _fcNSAsAmUkgBDeNR3HjLQ, 0UorZ4DbUbOHRPYCrBIVuA, x09u-JslHobIbigUH2embw, zxyrrMTcg7J5wEjNcMZe-Q, VvEpuhYDzK2WLB6_fI0wiw, XEQ-navOBxcqVUG7ECznng, ctiOS-ctXFT53Qr-urdgSA, uE2QOkUfhGcS_JaJtTihcw, 2MxSRdhGGE_OFxiwOa6MJg, MuWbjxrFbRe-Q2XopA9jbg, CMx6QMkOdISMHauo0_01Kw, MEFFQMWgY_HwHsiXqneAmg, H9CDh_DTZuwNwKJ4I2j_PA, 7bcqcIA5AxkuKm3HTZy3KA, IyRWeRAdNzAW0ElK4mtP4A, EWLy2zDf23tk9UjVWpM5qA, dAhoBKucZQRvH32zThaqWw, kQJCAryAbOfrX0YEfAYdKw, ESFq49VT1B_17pXuaHjo4g, qUUZjGCiac1HJ-3sRQlyYA, aLVSgCZyFKsznVWgWLXIFg, amzRAQz3Lwmj6DDhSjBTqg, nuEqfP8cTtNOHpQszmPB4A, RFp3SokSdMfp4v7H1Xxwyg, KsejYNlHn-SIRzscyj61bg, -E5UK5GHbm0wqvzjnelZpQ, LP883AysBJqOAIzQnIvqnA, KzM3xWMrKKaUOvT61jMVHA, ZmEodldPnhcATYZ3_GitYg, wHUtm6qJigHjaUQ0FMEtXQ, M-Twq94ErAGBu8sBGFSgjQ, NYJsOaLwM8M62mGU2093kg, hNqsXsgJVSi4bDF9ZuB9LA, yARkJnwiWqQCcj7FJekykA, y55xsRfi8Nm2GUy_NBXngQ, wejFVuSYYeMUsjknUEagSQ, oMtOsVPgFCwlNuoG9ObdpQ, fHZvRf1M0Yy45eUbph_9qQ, k7NUYwXyUMOBBdoYCE2fvA, f5_fgXqDhu-9xvAXUEe2Kw, DilnrtPdCWQDa-B5_xo76g, tBtqdCZiP7c05sLGJ9-0IA, P-u_G_j9nli50KWe0l7pWw, 7tt0GESNpb8e0QzeT8o2TA, iNh-BlDsk6PkHbcHzZ6_xw, aRAEXdsdZshvpVFWl7ET5Q, aKLvRXvvb-3TP6TkC2v4Xw, 8lrJHzUFvya5RZSYFne25A, aEy43k3P3bLbArVSik2-Gg, PGKf36-iWwBiUb9SFkBofg, NTAvra_vBzE_osu-PY2OKQ, BypPeNocSpIJ6lCN_djPQA, 3zn38b0FhirUpFY6dLGA1Q, ztaxKl8RcTRyOTMEYbC8JQ, pbInt8IO-oINljlZAuLGyg, 5NcCIdqOQ1AfylvmT-lqog, ssUr8Ar5o3lzFvYPmcZnZA, dMaL9zSAHUYd7cxD2lxveA, C3gYiouzQCAzVElqzYzmEw, K6HKJVxXzlwbASNmI61WLA, UStKXLqnYWVABhdRDMwniA, Q_dYZNhtGLhMuh-TaOfRew, bX8zH6DMvwenG4n_2jszsw",kqydTa6kSw4H0J1IvBHSRw,E4JyAzB5_2quptwtemyhYA,5,1/19/14,"This place is the greatest!! The French toast are just incredible and staff is always happy and friendly. Great family place on a Sunday morning. 

Beats IHOP or Denny's ANY DAY!"
jYnkJR3T8yCERXywoVhWYA,Hugo,48,7/6/10,"hkXekeW_Jj6mIy8r8N7r1Q, dQDpV-VUtwYGqHznuRV-yw, Ez7Hve1SaSrCjzl0km5XEA, DVCo_LH2Etu_aAtI9I6vkA, XdnOP1pKEzrPcoV-ZXvSxw, fxvgztSr1DHA869YNGsMtQ, Vs3bPoc5mWqruxg61-XCsg, Xs0vCG3OyIKDP6lD2CeWRA, fU0C1L08LX7FIO8Y3GgWcQ, Dq4I_hs1mNUA0SyzqwfI_w, iev9kF-VpBf9BYkPXwNjtQ, ZT80XHJibHLqiSdfhecYxA, 6Ni3lsxF5syVjTn3Mpxi1g, q0ol92YKdF7L_-s2g5kfAw, xD12J7t1DJemC0PnAOZMRw, WV9-UMmYEq9pvDCbKYuF4A, ZAJBIWvMdEReTIBaNO2zzw, gTtJ2w6cFA9UwipW7v6atQ, YDNK3hTEJSaAfzYubSFPCA, mPyb1bL-aeaiidA1O1gEiQ, -Zv99SCrzejB3-Eelvqyfw, QqZSAYcPWqCEf2hWjFrBVw, XH5drM54jTK_-fbPLJut9w, GKsfhVZYb6JGQOQaaHnIdw, 5yLQ3_Ea_qX7mBCkizgZyA, woHiZYXhcIaDTNRUX5RGUA, XgvdbQk13DSOp5TUoVPdHQ, bP37V2AsgKWtdeMRAa9nig, 9O1cTap-XLI5nO-JHj6TxQ, B5RmV5LhA3R4J0RsyqR70g, qcIKXuGxhtuEnWLzJoGydA, srOeMfwyrcwEJbdFdMRrWQ, iSktH80fgzVLptg9Ep1LiA, mY5JVfJfQN_yzWEsFU0QGQ, 7sERe-EmH5VMk_NnL8cRFg, sQ-r-Bs1MEqudkQt3P77BA, 2f6OJCQClEhHrzUb6qExJQ, VeTGif4-r1auFE4FUOZW7w, ae6aCtSLDo2ysR1kQLtRaQ, 98W_eoy2FGcz5D2s33Fhkg, 7GRml4yE0k__Gfb6FtTtUg, qHYQb3-pV1JpqyWcIkkwjQ, NTLjNHiZuHHGANQ1u2MJyg, 581w9_8Upftg9Htd1-ohKA, 1AWoP8Nhb13k9xxh3W4nVA, Los1p8wph9TbkU9T0Bo8eQ, 3gbDAW9yeEWsTgbrH0MmXw, XwyFeLJhhAPvMIOaZ07C7g, qVA8sxRL6EbAL2C0srCDvg, gHLqL38fdykytgKH-G3FSw, 88qKciYUsQEmzx8Kw7-FBg, CV-Pc9io9BgsLhD4aOu9Zg, uDqTrM55zgyUBPzRVpn8uA, f8skrxyB4dFKq0-eFYt0og, BJGigaqQf6Q_KEtBjM29rg, lc0_H1lq4iFnhKMDmrGpJw, VwdiLnFD8kG9ZhNY1ITPEA, 4_mipJGGJ2TRy2uAI9SC5A, 93R7AeqerA0b4tuivx-36w, AwLgRpWdYCM1_JgAze_qsA, zZoSBcoN5J8FRPf5lKVZww, 25WwoIK8D3L_i63CI2bslQ, Rxz-K72jZ2yNTV3YI5rjyQ, 62Fq2i4lKCO8ucTFNG370w, hqMCM9L_L47WCmidyKYGkw, k5xCuNNwdfpYdsu5PObAOw, lGMpjdxcbCW5vGi9B2a0Kg, 7v9U0o2do5p0ITFUc_qKNw, 9lWKp5EIovVlCWH1wC7Oeg, _-XChTHLoOnlxB_cmYPLZg, bmHmlYJ3kKXdp3_zMXNyrg, DaxCOBl91VcScCJKK9Gwkw, nIod29HbvjRPSO4T-va3bQ, E_EtI0ylBSsGRq-AiRcxkw, 0wXNILLfalmhRVNIVzVVVA, HDPWfls1uO9fxUGwLndOwg, u6cO2x5vr6-9EKDCQ0oSMA, Er6TEjSMmmMD8ipp-kFTEA, jaOjRguj5zbUyVS_HFIkkw, Jt4F8KXvz_iBDeuKb7kBHw, 16xi58yj4HLXLRfTaBcadw, K3ybII2YaLq2fFOvZEFLgA, Dfg975sbdZa0CFzdl3Ok0w, hqrU3hLAl46XiYBdbdXang, 6gkcFnXsA9z4IKJTWpylcQ, oP7sipRK2qEZ9XZnflHh9g, CTByzVUUHWdsNqFCA3zoAQ, TIJ5bk0SIoCLqWSQThnx4A, 5INuiPFd6GhQQVWqfrsoHQ, YwCwGO_lyv7vv2DoqeFjCA, DvZqzG4MBXhevnI3-X1QMQ, otYQmnY-MREpT6cb6DYDag, 4SN72FgmpS_yg4rdjmfFzw, ccB2D20bXGRnEH0G09Y34A, zpqQv4iOLa9xKOVVHSpl-Q, medyEUR367ee6vOyCJNQMw, EtpCxP7RrK2S5K3rQZL3hA, YLExs45PQ2M6Flmjir3sFQ, e6iCOIhtupBCiw-VwBvJ4A, MB7XBiV2Sewriw34xP7Qlg, xOwAGKMV7OFQYEb46W6OXw, ulKv4RvqvDRvqbstdY2aQQ, 6mYg8PDu6EJ1vikjKkmj3w, Y6bVSBO_Ph6KlBU1Oo_J3A, 2p50wcLD1miyLKPOP2xqHQ, aGsvXWjctthztY68G21OiA, c1IGa_o7si33CDIv-L6wbw, KK4d66rvmksrtAkis6XGqw, ijiskRtiHkSz0aq91g90hw, n77C6-mAZoKNu9_44ugFEQ, Gc9mSOvUcA7BrMUh7h7naQ, 1ZIQ2C_EUSTZSyK-APFwvA, ONtavYgpScFClzuTUVnRXA, ExuBKYdzYSvnvQE5QwYjZw, pusUMAm0_Y-oT5Rk93bj2w, DCek5_94seyPdl4QGtlKmw, c-kOt8fG1bx-JfYd0GRFFw, YaQVD-VkxMzhBsW6b-n_Vw, Ha9LtFuJlvMnE3YTXcHrrA, tuP1LQoQtTOV_P95Gy9w0A, 3KG84QgF_5lzW1uDMJOghw, veW3Uy_VjAK4Fmynwh-G_g, qQnmIgx9utR29rS56Rgq-Q, i9WwhhIv6dHZsmkmpDVDkA, MnTGU42t9X8S6wJv05mzlw, NefCtqzI3t0lnXGz9UDjgQ, PcvbBOCOcs6_suRDH7TSTg, d5zRPb1dUGNeoXBxmPY7VA, sWv6uKChsDtB4s9H3DujQw, dPYiMpx5AMuI0jeTITGsKg, wnxS4J6XD3-YrLroQV0Ouw, jdEXcBMtNYZ_-PzKZnI8qQ, 7D3yq3x-Dv5SbJ3vGIpJsQ, xz762kpjXUwPajeZCEXbxQ, PhwfmHJG1LXnddXdK6zbhQ, 7X3lImhKeTfyO0iXgiVUuw, UOP2bUqlhL9aDSeVRgCjTg, QIys2vlDprWvWKJp4JBBZQ, fEgcv6HwG-nkqwr4W7uSiw, DKnS5_NC9t9Y9ZsLxCiXDQ, bwZUw2ABFwgztXzPio8yLg, 7nuPhTTp3Bv9X2NLZPsDEw, 5yD_YDdPP_UE28pu_cxbOQ, jfDzpog_T21NMLac4JO_fA, mk1TEqWCSMPT100EeXLuiA, GStb0h5FzizgiWvral-zaQ, ILA6b9FOlIlZI53N23LXPQ, q75CUQzdvk2N1YcGL--kKg, bL1w62zIAt-MOEIpeL30MQ, QnsGDw5tfM1e7BmGjeplFg, BWxMCD34Cgef2DR8rJz8Zw, i28kp8Mx3KAgGYHe8TlsAA, 9J5warf8pd4AIFFjClzyZA, DtJuu-ezUDi4mP_wdbDGXw, 4ujUS1ZizNFU1N7OewUuNQ, JGYhs2HTzCRWiIDc4iX37w, 12Nu95iFFE1AayIFIRbWNw, NwdKv-KBI7OxeWBdpIsfmA, wLWVT3EMRgYSAWVNynHgJg, werhtj6NysS7EEoYkwFKsw, FUuYQyzWRBK7HvOAZ_s1sQ, dMqLJy8J1a8VpOdcD3bpNw, 1_kItPCk4e-VtYUUg9iiKg, R16IamdyEKHmjgGeRW_RZA, itdkCTzLm6eIjEBlz4_Ysw, RTT4Nua0c18673pt8LHfCA, OkqWDEqIHYyN7QKSeKiZ8A, WUTizWBgngFcNdVZwZLYJg, KedbQJ4Ax1ZhCGG6vaL_mA, DbH3pEiezWfHJJeqFFN3kg, HlX9ui1cllC0fSUcsd5rfg, d30seQvrukI7m_zF6xnB5Q, kyu8XmdRqOUYCK5BWuvzHw, gU843PPGS_S5VxS111BPrw, Jv2YPjBe8MlzneyyRNBX9g, v3O6ka--Gus4FfJvk4tgeg, cQKMYxgv1VZ1eanb7RuTOg, urMngjIG5D8Xde67j3AqSg, qKaIYWKtFV-HglhyEYHiCw, keDv6e99O6IjAEVRrQYCXw, FDuoN8cpcI8y2DBIUoMn4A, GyerAa1FjB8tzbaYS5DHxw, rur8m29F4hCIHahcI_hVRg, SCxM2dAT1vby-eDdOIRcrg, cgLZMfixIeOMskVT_DG-Vg, yNgFKgeqZlqa7E7aDVVwug, MZCtRLrvYVeb67mu_4qmJA, SeVCpoF59lyhZbS_QgokGg, nWIbPo8flL2exTGgnq1kFQ, f4DekkmSsrzG3xsgTZWpNw, jpRFWQLrPnCQN5FThm7T4w, 6JPLsTTLC_PbpGOok-2vPg, Gv8de4zfDSlWv5mMX6-5Iw, 3AJ0DM44yZF2wEYsauCzxg, kKdQq0PAUYhjdeqpYy9DDw, pY4gYV4MTYjhbRQgVOdgzw, CnweCjeKquVM69hwD20PiA, XVVylGn6B-gLcnx33ZinEQ, 50ZW-hlJLS2P8KhPHaUb3A, AFSZUj0n4Ip7SkR55fqKYA, _fcNSAsAmUkgBDeNR3HjLQ, 0UorZ4DbUbOHRPYCrBIVuA, x09u-JslHobIbigUH2embw, zxyrrMTcg7J5wEjNcMZe-Q, VvEpuhYDzK2WLB6_fI0wiw, XEQ-navOBxcqVUG7ECznng, ctiOS-ctXFT53Qr-urdgSA, uE2QOkUfhGcS_JaJtTihcw, 2MxSRdhGGE_OFxiwOa6MJg, MuWbjxrFbRe-Q2XopA9jbg, CMx6QMkOdISMHauo0_01Kw, MEFFQMWgY_HwHsiXqneAmg, H9CDh_DTZuwNwKJ4I2j_PA, 7bcqcIA5AxkuKm3HTZy3KA, IyRWeRAdNzAW0ElK4mtP4A, EWLy2zDf23tk9UjVWpM5qA, dAhoBKucZQRvH32zThaqWw, kQJCAryAbOfrX0YEfAYdKw, ESFq49VT1B_17pXuaHjo4g, qUUZjGCiac1HJ-3sRQlyYA, aLVSgCZyFKsznVWgWLXIFg, amzRAQz3Lwmj6DDhSjBTqg, nuEqfP8cTtNOHpQszmPB4A, RFp3SokSdMfp4v7H1Xxwyg, KsejYNlHn-SIRzscyj61bg, -E5UK5GHbm0wqvzjnelZpQ, LP883AysBJqOAIzQnIvqnA, KzM3xWMrKKaUOvT61jMVHA, ZmEodldPnhcATYZ3_GitYg, wHUtm6qJigHjaUQ0FMEtXQ, M-Twq94ErAGBu8sBGFSgjQ, NYJsOaLwM8M62mGU2093kg, hNqsXsgJVSi4bDF9ZuB9LA, yARkJnwiWqQCcj7FJekykA, y55xsRfi8Nm2GUy_NBXngQ, wejFVuSYYeMUsjknUEagSQ, oMtOsVPgFCwlNuoG9ObdpQ, fHZvRf1M0Yy45eUbph_9qQ, k7NUYwXyUMOBBdoYCE2fvA, f5_fgXqDhu-9xvAXUEe2Kw, DilnrtPdCWQDa-B5_xo76g, tBtqdCZiP7c05sLGJ9-0IA, P-u_G_j9nli50KWe0l7pWw, 7tt0GESNpb8e0QzeT8o2TA, iNh-BlDsk6PkHbcHzZ6_xw, aRAEXdsdZshvpVFWl7ET5Q, aKLvRXvvb-3TP6TkC2v4Xw, 8lrJHzUFvya5RZSYFne25A, aEy43k3P3bLbArVSik2-Gg, PGKf36-iWwBiUb9SFkBofg, NTAvra_vBzE_osu-PY2OKQ, BypPeNocSpIJ6lCN_djPQA, 3zn38b0FhirUpFY6dLGA1Q, ztaxKl8RcTRyOTMEYbC8JQ, pbInt8IO-oINljlZAuLGyg, 5NcCIdqOQ1AfylvmT-lqog, ssUr8Ar5o3lzFvYPmcZnZA, dMaL9zSAHUYd7cxD2lxveA, C3gYiouzQCAzVElqzYzmEw, K6HKJVxXzlwbASNmI61WLA, UStKXLqnYWVABhdRDMwniA, Q_dYZNhtGLhMuh-TaOfRew, bX8zH6DMvwenG4n_2jszsw",l-SnXDr0GEbsCmd58--95A,WmHRxbW3m8cngS4e6T8Cnw,4,2/13/17,"I love coming here and sitting in the patio. There is an opening to the bar where you can order drinks and I like this much more as opposed to waiting for a server to bring you drinks and check in on you. 

To be honest I have only tried their wings and fries here and I was very satisfied. 

Drinks are decently priced, making it a good place for a quick bite with a drink."
jYnkJR3T8yCERXywoVhWYA,Hugo,48,7/6/10,"hkXekeW_Jj6mIy8r8N7r1Q, dQDpV-VUtwYGqHznuRV-yw, Ez7Hve1SaSrCjzl0km5XEA, DVCo_LH2Etu_aAtI9I6vkA, XdnOP1pKEzrPcoV-ZXvSxw, fxvgztSr1DHA869YNGsMtQ, Vs3bPoc5mWqruxg61-XCsg, Xs0vCG3OyIKDP6lD2CeWRA, fU0C1L08LX7FIO8Y3GgWcQ, Dq4I_hs1mNUA0SyzqwfI_w, iev9kF-VpBf9BYkPXwNjtQ, ZT80XHJibHLqiSdfhecYxA, 6Ni3lsxF5syVjTn3Mpxi1g, q0ol92YKdF7L_-s2g5kfAw, xD12J7t1DJemC0PnAOZMRw, WV9-UMmYEq9pvDCbKYuF4A, ZAJBIWvMdEReTIBaNO2zzw, gTtJ2w6cFA9UwipW7v6atQ, YDNK3hTEJSaAfzYubSFPCA, mPyb1bL-aeaiidA1O1gEiQ, -Zv99SCrzejB3-Eelvqyfw, QqZSAYcPWqCEf2hWjFrBVw, XH5drM54jTK_-fbPLJut9w, GKsfhVZYb6JGQOQaaHnIdw, 5yLQ3_Ea_qX7mBCkizgZyA, woHiZYXhcIaDTNRUX5RGUA, XgvdbQk13DSOp5TUoVPdHQ, bP37V2AsgKWtdeMRAa9nig, 9O1cTap-XLI5nO-JHj6TxQ, B5RmV5LhA3R4J0RsyqR70g, qcIKXuGxhtuEnWLzJoGydA, srOeMfwyrcwEJbdFdMRrWQ, iSktH80fgzVLptg9Ep1LiA, mY5JVfJfQN_yzWEsFU0QGQ, 7sERe-EmH5VMk_NnL8cRFg, sQ-r-Bs1MEqudkQt3P77BA, 2f6OJCQClEhHrzUb6qExJQ, VeTGif4-r1auFE4FUOZW7w, ae6aCtSLDo2ysR1kQLtRaQ, 98W_eoy2FGcz5D2s33Fhkg, 7GRml4yE0k__Gfb6FtTtUg, qHYQb3-pV1JpqyWcIkkwjQ, NTLjNHiZuHHGANQ1u2MJyg, 581w9_8Upftg9Htd1-ohKA, 1AWoP8Nhb13k9xxh3W4nVA, Los1p8wph9TbkU9T0Bo8eQ, 3gbDAW9yeEWsTgbrH0MmXw, XwyFeLJhhAPvMIOaZ07C7g, qVA8sxRL6EbAL2C0srCDvg, gHLqL38fdykytgKH-G3FSw, 88qKciYUsQEmzx8Kw7-FBg, CV-Pc9io9BgsLhD4aOu9Zg, uDqTrM55zgyUBPzRVpn8uA, f8skrxyB4dFKq0-eFYt0og, BJGigaqQf6Q_KEtBjM29rg, lc0_H1lq4iFnhKMDmrGpJw, VwdiLnFD8kG9ZhNY1ITPEA, 4_mipJGGJ2TRy2uAI9SC5A, 93R7AeqerA0b4tuivx-36w, AwLgRpWdYCM1_JgAze_qsA, zZoSBcoN5J8FRPf5lKVZww, 25WwoIK8D3L_i63CI2bslQ, Rxz-K72jZ2yNTV3YI5rjyQ, 62Fq2i4lKCO8ucTFNG370w, hqMCM9L_L47WCmidyKYGkw, k5xCuNNwdfpYdsu5PObAOw, lGMpjdxcbCW5vGi9B2a0Kg, 7v9U0o2do5p0ITFUc_qKNw, 9lWKp5EIovVlCWH1wC7Oeg, _-XChTHLoOnlxB_cmYPLZg, bmHmlYJ3kKXdp3_zMXNyrg, DaxCOBl91VcScCJKK9Gwkw, nIod29HbvjRPSO4T-va3bQ, E_EtI0ylBSsGRq-AiRcxkw, 0wXNILLfalmhRVNIVzVVVA, HDPWfls1uO9fxUGwLndOwg, u6cO2x5vr6-9EKDCQ0oSMA, Er6TEjSMmmMD8ipp-kFTEA, jaOjRguj5zbUyVS_HFIkkw, Jt4F8KXvz_iBDeuKb7kBHw, 16xi58yj4HLXLRfTaBcadw, K3ybII2YaLq2fFOvZEFLgA, Dfg975sbdZa0CFzdl3Ok0w, hqrU3hLAl46XiYBdbdXang, 6gkcFnXsA9z4IKJTWpylcQ, oP7sipRK2qEZ9XZnflHh9g, CTByzVUUHWdsNqFCA3zoAQ, TIJ5bk0SIoCLqWSQThnx4A, 5INuiPFd6GhQQVWqfrsoHQ, YwCwGO_lyv7vv2DoqeFjCA, DvZqzG4MBXhevnI3-X1QMQ, otYQmnY-MREpT6cb6DYDag, 4SN72FgmpS_yg4rdjmfFzw, ccB2D20bXGRnEH0G09Y34A, zpqQv4iOLa9xKOVVHSpl-Q, medyEUR367ee6vOyCJNQMw, EtpCxP7RrK2S5K3rQZL3hA, YLExs45PQ2M6Flmjir3sFQ, e6iCOIhtupBCiw-VwBvJ4A, MB7XBiV2Sewriw34xP7Qlg, xOwAGKMV7OFQYEb46W6OXw, ulKv4RvqvDRvqbstdY2aQQ, 6mYg8PDu6EJ1vikjKkmj3w, Y6bVSBO_Ph6KlBU1Oo_J3A, 2p50wcLD1miyLKPOP2xqHQ, aGsvXWjctthztY68G21OiA, c1IGa_o7si33CDIv-L6wbw, KK4d66rvmksrtAkis6XGqw, ijiskRtiHkSz0aq91g90hw, n77C6-mAZoKNu9_44ugFEQ, Gc9mSOvUcA7BrMUh7h7naQ, 1ZIQ2C_EUSTZSyK-APFwvA, ONtavYgpScFClzuTUVnRXA, ExuBKYdzYSvnvQE5QwYjZw, pusUMAm0_Y-oT5Rk93bj2w, DCek5_94seyPdl4QGtlKmw, c-kOt8fG1bx-JfYd0GRFFw, YaQVD-VkxMzhBsW6b-n_Vw, Ha9LtFuJlvMnE3YTXcHrrA, tuP1LQoQtTOV_P95Gy9w0A, 3KG84QgF_5lzW1uDMJOghw, veW3Uy_VjAK4Fmynwh-G_g, qQnmIgx9utR29rS56Rgq-Q, i9WwhhIv6dHZsmkmpDVDkA, MnTGU42t9X8S6wJv05mzlw, NefCtqzI3t0lnXGz9UDjgQ, PcvbBOCOcs6_suRDH7TSTg, d5zRPb1dUGNeoXBxmPY7VA, sWv6uKChsDtB4s9H3DujQw, dPYiMpx5AMuI0jeTITGsKg, wnxS4J6XD3-YrLroQV0Ouw, jdEXcBMtNYZ_-PzKZnI8qQ, 7D3yq3x-Dv5SbJ3vGIpJsQ, xz762kpjXUwPajeZCEXbxQ, PhwfmHJG1LXnddXdK6zbhQ, 7X3lImhKeTfyO0iXgiVUuw, UOP2bUqlhL9aDSeVRgCjTg, QIys2vlDprWvWKJp4JBBZQ, fEgcv6HwG-nkqwr4W7uSiw, DKnS5_NC9t9Y9ZsLxCiXDQ, bwZUw2ABFwgztXzPio8yLg, 7nuPhTTp3Bv9X2NLZPsDEw, 5yD_YDdPP_UE28pu_cxbOQ, jfDzpog_T21NMLac4JO_fA, mk1TEqWCSMPT100EeXLuiA, GStb0h5FzizgiWvral-zaQ, ILA6b9FOlIlZI53N23LXPQ, q75CUQzdvk2N1YcGL--kKg, bL1w62zIAt-MOEIpeL30MQ, QnsGDw5tfM1e7BmGjeplFg, BWxMCD34Cgef2DR8rJz8Zw, i28kp8Mx3KAgGYHe8TlsAA, 9J5warf8pd4AIFFjClzyZA, DtJuu-ezUDi4mP_wdbDGXw, 4ujUS1ZizNFU1N7OewUuNQ, JGYhs2HTzCRWiIDc4iX37w, 12Nu95iFFE1AayIFIRbWNw, NwdKv-KBI7OxeWBdpIsfmA, wLWVT3EMRgYSAWVNynHgJg, werhtj6NysS7EEoYkwFKsw, FUuYQyzWRBK7HvOAZ_s1sQ, dMqLJy8J1a8VpOdcD3bpNw, 1_kItPCk4e-VtYUUg9iiKg, R16IamdyEKHmjgGeRW_RZA, itdkCTzLm6eIjEBlz4_Ysw, RTT4Nua0c18673pt8LHfCA, OkqWDEqIHYyN7QKSeKiZ8A, WUTizWBgngFcNdVZwZLYJg, KedbQJ4Ax1ZhCGG6vaL_mA, DbH3pEiezWfHJJeqFFN3kg, HlX9ui1cllC0fSUcsd5rfg, d30seQvrukI7m_zF6xnB5Q, kyu8XmdRqOUYCK5BWuvzHw, gU843PPGS_S5VxS111BPrw, Jv2YPjBe8MlzneyyRNBX9g, v3O6ka--Gus4FfJvk4tgeg, cQKMYxgv1VZ1eanb7RuTOg, urMngjIG5D8Xde67j3AqSg, qKaIYWKtFV-HglhyEYHiCw, keDv6e99O6IjAEVRrQYCXw, FDuoN8cpcI8y2DBIUoMn4A, GyerAa1FjB8tzbaYS5DHxw, rur8m29F4hCIHahcI_hVRg, SCxM2dAT1vby-eDdOIRcrg, cgLZMfixIeOMskVT_DG-Vg, yNgFKgeqZlqa7E7aDVVwug, MZCtRLrvYVeb67mu_4qmJA, SeVCpoF59lyhZbS_QgokGg, nWIbPo8flL2exTGgnq1kFQ, f4DekkmSsrzG3xsgTZWpNw, jpRFWQLrPnCQN5FThm7T4w, 6JPLsTTLC_PbpGOok-2vPg, Gv8de4zfDSlWv5mMX6-5Iw, 3AJ0DM44yZF2wEYsauCzxg, kKdQq0PAUYhjdeqpYy9DDw, pY4gYV4MTYjhbRQgVOdgzw, CnweCjeKquVM69hwD20PiA, XVVylGn6B-gLcnx33ZinEQ, 50ZW-hlJLS2P8KhPHaUb3A, AFSZUj0n4Ip7SkR55fqKYA, _fcNSAsAmUkgBDeNR3HjLQ, 0UorZ4DbUbOHRPYCrBIVuA, x09u-JslHobIbigUH2embw, zxyrrMTcg7J5wEjNcMZe-Q, VvEpuhYDzK2WLB6_fI0wiw, XEQ-navOBxcqVUG7ECznng, ctiOS-ctXFT53Qr-urdgSA, uE2QOkUfhGcS_JaJtTihcw, 2MxSRdhGGE_OFxiwOa6MJg, MuWbjxrFbRe-Q2XopA9jbg, CMx6QMkOdISMHauo0_01Kw, MEFFQMWgY_HwHsiXqneAmg, H9CDh_DTZuwNwKJ4I2j_PA, 7bcqcIA5AxkuKm3HTZy3KA, IyRWeRAdNzAW0ElK4mtP4A, EWLy2zDf23tk9UjVWpM5qA, dAhoBKucZQRvH32zThaqWw, kQJCAryAbOfrX0YEfAYdKw, ESFq49VT1B_17pXuaHjo4g, qUUZjGCiac1HJ-3sRQlyYA, aLVSgCZyFKsznVWgWLXIFg, amzRAQz3Lwmj6DDhSjBTqg, nuEqfP8cTtNOHpQszmPB4A, RFp3SokSdMfp4v7H1Xxwyg, KsejYNlHn-SIRzscyj61bg, -E5UK5GHbm0wqvzjnelZpQ, LP883AysBJqOAIzQnIvqnA, KzM3xWMrKKaUOvT61jMVHA, ZmEodldPnhcATYZ3_GitYg, wHUtm6qJigHjaUQ0FMEtXQ, M-Twq94ErAGBu8sBGFSgjQ, NYJsOaLwM8M62mGU2093kg, hNqsXsgJVSi4bDF9ZuB9LA, yARkJnwiWqQCcj7FJekykA, y55xsRfi8Nm2GUy_NBXngQ, wejFVuSYYeMUsjknUEagSQ, oMtOsVPgFCwlNuoG9ObdpQ, fHZvRf1M0Yy45eUbph_9qQ, k7NUYwXyUMOBBdoYCE2fvA, f5_fgXqDhu-9xvAXUEe2Kw, DilnrtPdCWQDa-B5_xo76g, tBtqdCZiP7c05sLGJ9-0IA, P-u_G_j9nli50KWe0l7pWw, 7tt0GESNpb8e0QzeT8o2TA, iNh-BlDsk6PkHbcHzZ6_xw, aRAEXdsdZshvpVFWl7ET5Q, aKLvRXvvb-3TP6TkC2v4Xw, 8lrJHzUFvya5RZSYFne25A, aEy43k3P3bLbArVSik2-Gg, PGKf36-iWwBiUb9SFkBofg, NTAvra_vBzE_osu-PY2OKQ, BypPeNocSpIJ6lCN_djPQA, 3zn38b0FhirUpFY6dLGA1Q, ztaxKl8RcTRyOTMEYbC8JQ, pbInt8IO-oINljlZAuLGyg, 5NcCIdqOQ1AfylvmT-lqog, ssUr8Ar5o3lzFvYPmcZnZA, dMaL9zSAHUYd7cxD2lxveA, C3gYiouzQCAzVElqzYzmEw, K6HKJVxXzlwbASNmI61WLA, UStKXLqnYWVABhdRDMwniA, Q_dYZNhtGLhMuh-TaOfRew, bX8zH6DMvwenG4n_2jszsw",f9LZ_MNMxOWBd9HIHEjcgg,e-cxqDjKEHEcISP2iGcZxg,2,12/10/15,"I love the atmosphere here! When I was here they had a group of three men playing music and I loved it. For drinks, I ordered the cosmopolitan and my friend ordered the Bellini. Both drinks were great and priced at half price for happy hour. They bring you the drink in a shaker so you can pour more into your glass as it becomes empty. 

This place earns two stars due to the taste of the food here. We ordered the artichoke and spinach dip to start and this was the only good tasting item we ordered, and even then, decent. I ordered the seared tuna and my friend ordered the crab cakes. Both of these dishes were anything less of great. The presentation of the dishes was great, but after taking my first bite of the seared tuna I almost wished I had gone elsewhere. The crab cakes tasted like a ball of mayonnaise, so much that my friend wouldn't even eat the second crab cake. I contemplated sending the food back for something else, but I just stomached it down. 

Maybe this place just doesn't have great seafood, but trust me when I tell you it's probably best you go somewhere else. 

Great drinks (during happy hour); stick to the appetizers. I would only come here to chat with a friend or a group but steer clear if you're hungry and looking for a delicious and filling dinner. Service is great, staff is polite, atmosphere is awesome and great restaurant location. Just makes you wonder what's going on in the kitchen..."
GMGZsk1dj043UI3zWgo3cw,volk,0,8/5/11,None,plz_DWR3lqumpk3dRQEU4Q,MUAKF4_Si8muG4SxgpR-PQ,5,8/9/11,"Auch von mir gibt es fünf Sterne. Das Essen wird frisch zubereitet uns es schmeckt immer sehr gut, auch auf Sonderwünsche wird stets eingegangen. Das Personal ist sehr freundlich! Und bezüglich der Hygiene: wann immer ich dort war (und ich war schon sehr of dort essen), es war immer sehr sauber und ich hatte nichts zu beanstanden.
Komme gerne wieder!"
GMGZsk1dj043UI3zWgo3cw,volk,0,8/5/11,None,eOiYxpkaabxuho7ZrHlLHg,BTMkfuiqsoox-Fcod5-5MA,4,8/5/11,"Gutes Essen, freundliche Bedienung! Nur die Wartezeit, bis man die Karte bekommt und man bezahlen kann, dauert vorallem in der kurzen Mittagspause, sehr lange."
GMGZsk1dj043UI3zWgo3cw,volk,0,8/5/11,None,EeLqDBOmW7GfYW8fQSRqTg,ko0XYJL0KkRqj-z5XkXP-w,2,8/18/11,"Das Lokal heißt ja mittlerweile wie der neue Besitzer, nämlich Harbous. Leider ist es seither auch nicht mehr so lecker wie früher. Das Essen hat meiner Meinung nach an Qualität abgenommen, d.h. die Pizza schmeckt leicht süßlich, die Pasta die gegessen hatte war säuerlich Und der Service lässt zu wünschen übrig.
Der Chef ist sehr freundlich, aber wenn ein Fehler passiert, z.B. hat man unsere Bestellung vergessen und wir haben alle nach den nach uns gekommenen Gästen unser Essen (nach einer halben Stunde) bekommen, konnte man sich nicht einmal entschuldigen und hat uns noch angelogen, dass man uns nicht vergessen hätte Dabei hatten wir alle das selbe bestellt, da sollte es doch eigentlich recht schnell gehen!
Die neue Bedienung scheint zudem auch sehr überfordert zu sein und wirkt leicht sehr gestresst und sehr schüchtern.
Alles in Allem hoffe ich, dass sich das Ganze in naher Zukunft ändern wird. Viel Erfolg dabei! Dann komme ich auch gerne wieder!"
GMGZsk1dj043UI3zWgo3cw,volk,0,8/5/11,None,XW7c_UJa0amDERPpWX1sbA,n0061DPXoCFMKZPgPZDgVw,5,8/18/11,"Unser Lieblings-Chinese =)
Sehr gutes Essen, zum klasse Preis und wenn man bestellt oder Glück hat, bekommt man einen Tisch direkt am Fenster mit Blick auf den Flughafen und die Landebahn! Einfach herrlich.
Zur Atmosphäre: Sehr großes Lokal und meiner Meinung nach hat der Eigentümer das Beste daraus gemacht! Es wurde mit viel China-Schick, aber passend, eingerichtet. Alles ist sehr sauber, auch die Toiletten. Man wird in einer angenehmen Ruhe bedient und man kann sich gut erholen.
Der Kellner war am Anfang nicht sehr freundlich, aber mittlerweile hat sich das Ausnahmslos geändert. Alles Bestens!
Das Essen: Sehr große Portionen, kann man sich auch einpacken lassen, sollte man es nicht schaffen. Preis-Leistung stimmt. Aber was am Wichtigsten ist: es schmeckt unheimlich lecker!! Zu jedem Essen bekommt man auch ein Glas Pflaumenwein geschenkt und nach dem Essen bekommt man kleine weiße, zu einer Rolle geformte, warme, feuchte und wohl riechende Handtücher auf einem Tablett gereicht, um sich die Hände zu säubern. Sehr angenehm!
Kann das Lokal also nur weiter empfehlen!
Guten Appetit! =)"
GMGZsk1dj043UI3zWgo3cw,volk,0,8/5/11,None,sfkn5Oni1HEh7OIpvHUCyA,NDz3czc5SeQ1hgjn0twvgQ,5,7/19/12,"Toller Bäcker, dort wird noch gebacken wie früher. Brötchen ohne Luft in der Mitte, Brezeln, die nach Brezeln schmecken. Einfach toll und nur zum empfehlen!!"
GMGZsk1dj043UI3zWgo3cw,volk,0,8/5/11,None,f0At4StSRfHqbbRofsQklw,ySyPoXpHAKIjwn2BCnwMOA,5,8/9/11,"Die beste Schokolade, die ich je gegessen habe!! Die Fa. Selbach bietet Schokolade von Drittanbietern an, aber  und diese Schokolade ist der absolute Hammer  sie macht Schokolade auch selbst. Die muss man einfach probiert haben!!! Den Pralinen sieht man auch an, dass sie von Hand gemacht sind, da sie eben nicht wie eineiige Zwillinge aussehen.
Gut, der Laden macht von aussen einen eher altmodischen Eindruck und er ist wirklich sehr voll, aber die Ware ist sehr, sehr gut und es lohnt sich hineinzugehen. Vorallem da auch das Personal sehr freundlich, hilfsbereit und zuvorkommend ist.
Also beim nächsten Stuttgart-Besuch einfach mal hinein und genießen!!"
GMGZsk1dj043UI3zWgo3cw,volk,0,8/5/11,None,HcVnfnH6hnsSC-nop-9oWA,UkdocrsBESMLXeGGHnNDdw,5,7/3/12,"Ausgesprochen freundlicher Service. Abwechslungsreicher Mittagstisch zu passenden Preisen. Alles auch zum Mitnehmen, was natürlich ein toller Service ist. Ein kleiner Tisch vor der Tür zum Raussitzen im Sommer. Innen zwar klein, aber gemütlich. Meiner Meinung nach nur zu empfehlen.
Was ich noch anmerken möchte (als kleine Idee): was ganz toll wäre, wäre eine eigene Homepage oder einen Auftritt bei facebook, auf der ihr immer das aktuelle Tagesessen vorstellt."
GMGZsk1dj043UI3zWgo3cw,volk,0,8/5/11,None,uk7mFF8z60oqVfACfFQjRQ,ShvyFmkiQAvRL9rS1_DEUg,4,8/5/11,"Optisch erst nicht gerade modern, aber sauber! Aber was richtig wichtig ist: Das Essen!! Und das ist im La Piccola Napoli der Hit. Frisch zubereitete Gerichte, klasse Geschmack! Und dazu freundliches und aufmerksames Personal zu passenden Preisen. Was will man mehr?!? Danke dafür!"
GMGZsk1dj043UI3zWgo3cw,volk,0,8/5/11,None,N3GvJctqRrmDnS2jgcaD3A,wpgYqDf_L427Os8cBNpsbA,5,8/5/11,"Klasse Mediziner, der auch noch auf die Menschen eingeht, sich an einen erinnern kann und bei dem man nicht um eine Rezept betteln muss. Er nimmt sich Zeit! Da geht man auch mal gern zum Arzt!"
GMGZsk1dj043UI3zWgo3cw,volk,0,8/5/11,None,6YoWac22Z77A38RMSS24bw,96LHtc_s8mtq34RuXvgIhQ,5,8/5/11,Perfektes Eis mit echtem Geschmack durch echte Zutaten ohne künstlich erzeugte Farbe und Geschmack! Ein Muss wenn man in Stuttgart ist!